id,place_id,source_place_id,standard_name,province,city,county,place_type,origin,meaning,history,old_names,evidence_url,evidence_title,evidence_quote,confidence,source,source_type,raw_hash,fetched_at,updated_at
d4190a33d4b9eca2e7590598f89a69044111bbcb,36d01a4f81e7e5b2d57dc048a4689c402732a73d,e6b41c0f5408d0a15272870304c6ea7d,武汉市,湖北省,武汉市,,地级行政区,“武汉”为武昌、汉口、汉阳三镇的合称。,武汉三镇在历史上形成的时序为江北（汉阳）先于江南（武昌），而汉口在明代以前，不过是毗连汉阳的一个水曲荒洲，因此，在明代以前，所谓“武汉”，乃是武昌、汉阳两地的合称。元代武昌、汉阳均属湖广行省，鄂（武昌）汉（汉阳）并称，是为双城。1926年秋，国民革命军攻克武汉。次年初，国民政府将汉口市（辖汉阳县）与武昌合并，划为京兆区，作为首都，并建立统一的武汉市政府，此时，武汉才取得了作为政区、市区的称谓。此后，武昌、汉阳、汉口时分时合，直到1949年解放前夕，汉口作为直辖市，武昌作为省辖市，汉阳作为县而分治。解放后，政务院将汉口、武昌、汉阳（县府所在地及邻近地区）合并为武汉市（原汉阳县治所迁至蔡甸，保留县的建制），武汉市人民政府设在汉口。至此，武汉三镇合三为一。,北郊的盘龙城遗址作为建城开端，距今有3500多年历史。商代属中原王朝控制。周代先后属鄂国、郧国和楚国，秦属南郡。汉武帝元狩元年（前122），析南郡、衡山郡置江夏郡。三国时吴黄武二年（223），建夏口城，初为吴属武昌郡沙羡县治。在现主城区内开始形成城堡，成为地区政治中心。晋代为荆州、沙羡县、江夏郡等治所，先后为南朝郢州、隋唐鄂州、宋鄂州路、元湖广行中书省及武昌路、明湖广承宣布政司、清湖广总督及湖北藩臬各司署、明清武昌府及各朝江夏县的治所，明楚王府所在地。汉阳于东汉末建却月城，至两晋南北朝时期先后属沙羡县、汝南县、沌阳县，隋初改置汉阳县，遂有“汉阳”之名，自唐迄清，先后为沔州、汉阳军、汉阳府和汉阳县治所。1000多年来，汉阳、武昌长期为郡、州、路、府治所，“武汉”一词即是明代对武昌、汉阳两府城的合称；近600年，武昌更是省级行政中心。今之汉口，原与汉阳相连，是汉阳县属地。即使在明成化年间汉水改道，两地以河为界后，汉口也一直属汉阳管辖，至清光绪二十五年（1899），设立夏口厅，汉口始与汉阳分治。1912年，民国政府改江夏县为武昌县，改夏口厅为夏口县，三镇始以同级建制鼎立。1926年，国民政府设武昌市和汉口特别市，汉阳县隶属于汉口特别市。1927年元旦，国民政府迁汉口办公，合三镇成立武汉市，称“京兆区”。旋又分治。1949年后，重以三镇为武汉市。20世纪50年代，曾为中央直辖市，中共中央中南局、中南行政委员会（初名中南军政委员会）和中共湖北省委、湖北省政府驻地。1954年，改为湖北省辖市。1959年，原孝感专区所属各县划归武汉市。1961年，仍划归孝感专区。1975年，武昌、汉阳两县划入。1983年，黄陂、新洲两县和鄂州市左岭镇划入。1986年，国务院公布为国家历史文化名城。1992年、1995年、1998年，分别撤销汉阳县、武昌县及黄陂县、新洲县建制，成立武汉市蔡甸区，江夏区及黄陂区、新洲区。1994年2月，设为副省级城市。截至2018年12月31日，武汉市辖江岸区、江汉区、硚口区、汉阳区、武昌区、青山区、洪山区、东西湖区、汉南区、蔡甸区、江夏区、黄陂区、新洲区13区。,武汉市,https://dmfw.mca.gov.cn/,中国·国家地名信息库,“武汉”为武昌、汉口、汉阳三镇的合称。,high,中国·国家地名信息库,official,46efe699f4aa547585599d054522fd051024628a6ecac4eb6960f6e6e3c0fb5f,2026-07-10T09:16:29.067505+00:00,2026-07-10T09:16:29.067505+00:00
d8dda8d7d068d3d0690982890630324ba06ef66c,3d3b92924ff15bbce1af29c19d525003a070ab23,35cfdd4bb4a786b450148c5d192bb764,南高村,山东省,东营市,广饶县,行政村,明洪武二年（1369年），高秃儿由山西洪洞县迁来此地立村，取名小高庄。1950年因位于北高以南，故改名南高。,高氏立村，因姓氏取名小高庄，又因处北高以南，后称南高。,1958年，建立大队。1984年，更名为村民委员会。隶属沿革：1958年5月李鹊乡，9月东风二社，10月城关公社；1962年2月城郊区朱家公社，1970年11月城关公社，1984年7月广饶镇，2009年10月广饶街道办事处。,南高村,https://dmfw.mca.gov.cn/,中国·国家地名信息库,明洪武二年（1369年），高秃儿由山西洪洞县迁来此地立村，取名小高庄。1950年因位于北高以南，故改名南高。,high,中国·国家地名信息库,official,0e474dc761525484471fe29d36a7a7cf385c7566815f24dfd94a81f7ebad79b6,2026-07-13T02:49:27.964035+00:00,2026-07-13T02:49:27.964035+00:00
27691a14a744f45b99141efa4addd7e2f0c2f75b,5aa4501640c1aa71edaf8862f7e747fb69590778,e01e67bfcc67a99f748b7245b1b4c74e,北京市,北京市,,,省级行政区,中国人民政治协商会议第一届全体会议决定中华人民共和国定都北平，北平市改名北京市，为直辖市。,古时，京为国家都城的称呼。明永乐元年，燕王朱棣即皇帝位，以北平为北京，其为北京得名之始，简称“京”，后新中国定都于北平，故名北京。,"周武王封黄帝之后于蓟；封召公奭于燕。后燕并蓟，并迁都蓟，设上谷、渔阳2郡。秦置广阳郡、蓟县，共治蓟。西汉广阳郡先后改为燕国、广阳国。东汉建武十三年，广阳郡并入上谷郡，后复置。三国魏广阳郡改为燕国，渔阳郡并入。北魏燕国改为燕郡，复置渔阳郡。北齐于燕郡置东北道行台，废上谷郡。北周改为幽州大都督府。隋开皇三年，废渔阳郡。大业三年，幽州改为涿郡。唐建中二年，析蓟县西境置幽都县。辽会同元年，升幽州为南京，置幽都府。开泰元年，幽都府更名析津府；宋宣和四年，改名燕山府。金贞元元年，海陵王迁都燕京, 改名中都，析津府改名永安府。翌年，永安府改名大兴府。元至元元年，改燕京为中都；四年，为首都；九年，改中都为大都，中都路改名大都路。明洪武元年，改大都路为北平府。永乐元年，以北平为北京，改北平府为顺天府；十九年，改北京为京师。10月，北洋政府废顺天府，置京兆地方。1918年定名京都市。1928年废京兆地方，各县划出，设北平特别市。1930年降为北平市，属河北。1937年日占后改为北京特别市。1945年复为北平市。1949年新中国定都北平，改名北京市。1952-1958年，宛平、昌平、通县、顺义、大兴、良乡、房山、通州市、怀柔、密云、平谷、延庆划入北京市。2015年北京市将密云、延庆县调整为密云区、延庆区。",北京市,https://dmfw.mca.gov.cn/,中国·国家地名信息库,中国人民政治协商会议第一届全体会议决定中华人民共和国定都北平，北平市改名北京市，为直辖市。,high,中国·国家地名信息库,official,f2c0572d7171a2ff94a17f1ce819742d505f2b3962e350a2077986db99c8c397,2026-07-13T03:15:23.810312+00:00,2026-07-13T03:15:23.810312+00:00
7face1429843d47525e9c724cd90360d76af41da,7b9fa63bcc41c2e9ee0b65a513a4aa7701a65e2a,33a2e4363417c1472a3cfe3e01e338ed,天津市,天津市,,,省级行政区,据《天津卫志·序》称:“明永乐(朱棣)渡此，因赐嘉名”。建国后在天津南门外发现明嘉靖《重修天津三官庙记》石碑载：“明永乐二年(1404)，成祖朱棣南下争夺王位，圣驾常由此济渡沧州，因赐名曰天津”。,天津，即取“天子津渡”之意，意为天子经过的渡口，也称“津沽”、“津门”。,"古为冀州地。秦于北部设无终县(治今蓟县)，为右北平郡治。西汉设雍奴、泉州二县，属渔阳郡,无终县属右北平郡。三国魏因汉置。西晋改右北平郡为北平郡，雍奴、泉州二县改隶燕国。北魏初渔阳郡移治雍奴，太平真君七年(446)，省泉州入雍奴。隋大业末改无终县为渔阳县，为渔阳郡治，雍奴属涿郡。唐初渔阳为蓟州治,雍奴属幽州。天宝元年(742)，改雍奴为武清县。五代蓟、幽二州地入契丹。金大定十二年(1172)，析香河县置宝坻县。明昌四年(1193)，以富子口置靖海县(今静海县)。贞祐二年(1214)，建直沽寨。元大都路领宝坻县,漷州领武清县,蓟州治渔阳县，清州领靖海县。延祐三年(1316)，改直沽寨为海津镇。明洪武元年(1368)，改靖海为静海,顺天府通州领武清、宝坻二县；河间府领静海县,渔阳县省入蓟州。永乐三年(1405)，建天津卫及天津左卫。四年（1406），置天津右卫。弘治三年(1490)，设天津道。清雍正三年(1725)，改天津卫为直隶州，九年（1731），升州为府，并设天津县,为府治。清末直隶总督移驻天津。光绪二十六年(1900)，西方列强入侵，天津被迫开辟九国租界，为中国设立租界最多的城市。二十八年（1902），直隶总督衙门迁津。1912年，天津改为县，属直隶省海津道。1913年，直隶省省会设于天津。1928年6月，天津改为特别市，此为设市之始；同年7月，直隶改称河北，省会仍设天津；10月，省会迁北平。1930年6月，天津改为直辖市；同年10月，河北省会再迁天津，遂改为省辖市。1935年6月，河北省会迁保定，天津又改为直辖市。1945年8月15日，日本投降后，天津仍为直辖市。1949年1月15日，天津解放，划为华北人民政府直辖市；10月1日，中华人民共和国成立，天津被定为中央直辖市。1953年，天津县并入天津市。1958年2月11日，天津改为河北省省辖市；4月18日，河北省省会由保定迁到天津。1966年5月，河北省省会再迁保定。1967年1月2日，天津恢复为直辖市。1973年，河北省蓟、宝坻、武清、静海、宁河五县划归天津市。1979年，设立大港区。1992年，东郊区改名东丽区，南郊区改名津南区，西郊区改名西青区，北郊区改名北辰区。",天津市,https://dmfw.mca.gov.cn/,中国·国家地名信息库,据《天津卫志·序》称:“明永乐(朱棣)渡此，因赐嘉名”。建国后在天津南门外发现明嘉靖《重修天津三官庙记》石碑载：“明永乐二年(1404)，成祖朱棣南下争夺王位，圣驾常由此济渡沧州，因赐名曰天津”。,high,中国·国家地名信息库,official,127e9b71289078a081455d40a99520cb83f7ab7a5066f34778234206b9313545,2026-07-13T03:28:57.922273+00:00,2026-07-13T03:28:57.922273+00:00
3d4e0915c12c1c46c279c1c63ace3fea0b9e9b76,7936c0bd87d97fa99013c7920cddd318548c7145,d0482ad2c34e6fc0834cd2aec6c23f1a,河北省,河北省,,,省级行政区,1928年，国民政府决定直隶省改称河北省。唐贞观元年（627），在黄河以北、太行山以东地区设置河北道，是“河北”作为政区名称之始。,“河北”作为地域名称，春秋末及战国初期就已出现。《尔雅·释丘》载：“天下有名丘五，其三在河南，其二在河北。”当时黄河从今河北省南部的大名县、馆陶县向东北流至沧州市以东注入渤海，“河北”即指黄河以北广大地域，包括现今河北省的大部地区。唐贞观元年（627），在黄河以北、太行山以东地区设置河北道，是“河北”作为政区名称之始。因省境地处黄河之北而得名。,河北省因古为冀州之域，简称“冀”，又因战国时为燕赵之地，别称“燕赵”。春秋时期北部为山戎民族游牧地，中北部为北燕地，西部、中南部为晋地，东南部为齐地，其他地区并有邢、孤竹、令支、无终、代、鲜虞、肥、鼓、甲氏等小国。战国时期为燕、赵、中山等国地。秦代属上谷、渔阳、右北平、广阳、邯郸、巨鹿、代、恒山、辽西等九郡。西汉北部属七郡国；南部属十郡国。东汉时期属冀、幽二州。三国时期为魏地，属幽、冀二州。西晋南部属司州。北魏时期为燕、安、平、幽、定、瀛、冀、相八州。隋大业三年(607)，改州为郡，有涿、赵、魏、安乐、渔阳、北平、上谷、博陵、恒山、河间、信都、平原、渤海、襄国、清河、武安、武阳等十七郡。唐贞观元年(627)，以黄河以北、太行山以东地区设河北道。开元二十年(732)，改为监察区。分属十九州，隶河北道。宋初改置河北路、河北南路。北宋熙宁时期分为河北东、西两路；北部、东部分别属辽西京道、中京道、南京道。金代属河北东路、河北西路、大名府路。北部、东部分别属中都路、西京路、中京路。元代属中书省，今秦皇岛市属辽宁行省大宁路。明代属京师顺天、永平、保定、河间真定、顺德、广平、大名等府及万全都司。清代属直隶省(治保定)、顺天、永平、天津、保定、河间、正定、顺德、广平、大名、宣化、承德府及定、赵、易、冀、深、遵化六直隶州和口北三厅。1913年，直隶省除顺天府外，其他府、州或废，或改置县，直隶于省。1914年，顺天府改京兆地方，置津海、保定、大名、口北四道和察哈尔、热河二特别区。1928年，改直隶省为河北省，省会保定。1949年8月1日，河北省人民政府成立，设唐山、天津、通县、保定、定县、沧县、石家庄、衡水、邢台、邯郸十专区及保定、石家庄、唐山、秦皇岛四省辖市(地级)。是时西北部属察哈尔省，东北部属热河省。1952年，撤销察哈尔省，划归河北省部分设张家口专区。1956年，撤销热河省，划归河北省部分设承德专区。1958年，天津市划归河北省，省会迁天津。1952-1958年，宛平、昌平、通、顺义、大兴、良乡、房山、通州市、怀柔、密云、平谷、延庆12县市先后划归北京市。1967年，天津市改为中央直辖市，省会迁保定。1968年，省会迁石家庄。1968年，专区改地区。1978年，石家庄、唐山改为地级省辖市。1983至1996年，撤销地区实行地、市合并，秦皇岛、邯郸、邢台、保定、张家口、承德、沧州、廊坊、衡水9市先后改为地级省辖市。2017年4月，中共中央、国务院决定设立河北雄安新区。,河北省,https://dmfw.mca.gov.cn/,中国·国家地名信息库,1928年，国民政府决定直隶省改称河北省。唐贞观元年（627），在黄河以北、太行山以东地区设置河北道，是“河北”作为政区名称之始。,high,中国·国家地名信息库,official,9817ef24822b907376d8e75d219b13f76b425fa6f70b8c38f75fe4fae07932ae,2026-07-13T03:29:05.040149+00:00,2026-07-13T03:29:05.040149+00:00
7366c81fcbb3d96f167ebd6f164f79eb6b4f55c7,2bdeadcc41067ebd6be3aa95aed7c399c8182659,e1228db8f162f007a9b5d8b2fb5506e1,山西省,山西省,,,省级行政区,明洪武二年（1369），置山西行中书省。以地处太行山以西而得名。,“山”指太行山，“山西”即指太行山以西地区，“山西省”是指太行山以西的省级行政区划。山西作为太行山以西地区的称谓，始见于北朝，偶见于隋唐。辽设西京。因在大兴安岭、大马群山、太行山一线以西，与东部四京相隔，遂有“山西”之称。金承袭辽朝故实，五京依旧，但改“道”为“路”。金得北宋之地，将河东路分析为二，河东北路治太原府，河东南路治平阳府，元代设河东山西道宣慰使司，治大同，辖全晋，“山西”始为政区名称。,"相传“尧都平阳”“舜都蒲坂”“禹都安邑”均在省内。商代有唐、缶、虞、黎、箕、亘等方国。西周有晋、黎、潞、徐、贾、霍、杨、赵、郇、耿、虞、魏等诸侯国。春秋为晋国地。战国为韩、赵、魏三国地。秦置太原、河东、上党维门、代五郡。西汉为河东、雁门、太原、西河、上党、代六郡。东汉末年河东郡属司隶校尉部,太原、西河、上党、雁门、定襄五郡属并州,代郡属幽州。山西北部为羌胡占领。三国属魏司州,领平阳、河东二郡,并州领雁门、新兴、太原、西河、乐平、上党六郡。西晋末年历属汉、后赵、前燕、代、前秦等国。北魏置泰、恒、肆、并、汾、建、晋、东雍、南汾等州。北周置勋、邵、晋、虞等州。北齐置恒、朔、显、肆、并、晋、建、汾、蔚、东雍、南汾、西汾、北朔、南朔、北蔚、北灵等州。隋大业三年(607)，改州为郡,有马邑、楼烦、雁门、离石、文城、龙泉、太原、西河、上党、长平、临汾、绛、河东等郡。唐属河东道,领太原、河中二府及云、朔、代、蔚、岚、辽、宪、石、忻、沁、汾、隰、慈、晋、绛、潞、泽等州。北宋属河东路，领太原、隆德、平阳三府和代、忻、汾、辽、泽、绛、慈、隰、石、岚、宪等州,庆祚、威胜、平定、宁化、岢岚、火山、保德等军；永兴军路领河中府和解州。北部属辽西京道的大同府和应、朔、蔚等州。元属中书省，领大同、冀宁、晋宁三路。元建都大都(今北京市),称太行山以西为山西,设河东山西道宣慰司，属中书省，是山西作为政区名称的开始。明洪武二年(1369)，置山西行中书省，治太原府，“山西省”名始此。洪武九年（1376），改山西行中书省为山西等处承宣布正使司。至万历时期，山西省领五府三州，即太原、平阳、大同、潞安、汾州五府与泽、沁、遼三州。清为山西省，清初领太原、平阳、潞安、汾州四府及沁、辽、泽三直隶州。至宣统三年（1911）领府九、直隶厅十二、直隶州十、散州六、县八十五。1912年，废府州制，省辖105县。1914年，辖雁门、冀宁、河东三道。1927年，废道制。1937年抗日战争爆发，全省划分为7行政区。八路军先后依托太行、吕梁建立晋察冀、晋绥、晋冀鲁豫三大敌后抗日根据地。抗战胜利后，全省辖1市、14个行政督察区、105县。1949年9月1日，山西省人民政府在太原成立，辖太原1地级市和忻县、兴县、榆次、汾阳、长治、临汾、运城7专区。1952年11月，撤销察哈尔省，将大同市和雁北专区所辖的13个县划归山西省后成今境。",山西省,https://dmfw.mca.gov.cn/,中国·国家地名信息库,明洪武二年（1369），置山西行中书省。以地处太行山以西而得名。,high,中国·国家地名信息库,official,dbcbc1ffab0b74e4c605775636721d7328915215cc2fe08603e097d4d7287951,2026-07-13T03:29:11.628703+00:00,2026-07-13T03:29:11.628703+00:00
77fe0f4e3e3c60be1c0024e8169af1a06e0eaf2b,3b64bc44e61b28943cc4c9d0f48d417b7ab31ef3,de3582695cefda484b1c401b5ea9909c,内蒙古自治区,内蒙古自治区,,,省级行政区,1947年，内蒙古自治区成立。,"“蒙古”最初是指部落名。始见于《魏书》，作“失韦”；隋、唐时作“室韦”。唐代后期,室韦--达怛人进入大漠南北。两《唐书》所载室韦诸部中，有一部称为“蒙兀室韦”，是始见于著录的蒙古名称。辽、金、宋时代，又有萌古、朦骨、盲骨子、萌古斯、蒙古里、蒙古等异译。元太祖成吉思汗元年（1206），铁木真统一蒙古地区诸部落建立蒙古汗国后，凡与蒙古部同一语系的民族，统称蒙古。清康熙三年（1664），清朝以戈壁为界划分内札萨克蒙古和外札萨克蒙古，将大漠以南蒙古各部落称为内札萨克蒙古。“内蒙古”之称由“内札萨克蒙古”而来。",战国赵于今大青山以南、土默特石旗以东、卓资县以西地区建立云中郡。秦朝在今内蒙古南段，分属于九原、云中、上郡、雁门、代郡、上谷等郡。西汉分划成朔方、五原、云中、定襄、上郡、西河、雁门、代郡、上谷、右北平等十郡。其中有六郡的治所设在内蒙古。公元二世纪全境为鲜卑所据。魏晋南北朝，中部为代国地，西部分属后赵、后秦、前凉、后凉、西凉、南凉、北凉诸国，东南部为后燕地。公元四世纪拓跋鲜卑北魏占据全境，初建都于盛乐(今和林格尔县土城子)。12年后迁都平城(今山西省大同)，于故都置云中郡，又称朔州，后改为盛乐郡。隋在阴山以南及鄂尔多斯地区置定襄、榆林、五原3郡。大兴安岭以西为室韦地，以东为契丹地。唐置室韦都督府、松漠都督府、云中都督府(后改单于都护府)和榆林、五原2郡。辽建都临潢府，设上京、中京、西京3道和丰州、东胜2州、天德军节度使。金为上京、北京咸平路地，西部鄂尔多斯、阿拉善属西夏。元分属中书省和岭北、辽阳、陕西、甘肃等行省，置泰宁、宁昌、应昌、全宁、德宁、净州、集宁、大宁、上都、亦集乃、兀剌海等路和沙井总管府。明初北部和西北部为鞑靼所据，余分属山东、山西、陕西3行省和奴儿干都司。明洪熙后鞑靼各部相继入居，蒙古达延汗置察哈尔、鄂尔多斯、土默特、永谢布4万户，西拉木伦河流域为内喀尔喀5部所据，大兴安岭以东为嫩科尔沁所据，以西为阿噜蒙古地。清天聪八年(1634)至康熙九年(1670)，先后置札萨克49旗、察哈尔游牧8旗、察哈尔4畜群旗、索伦8旗、归化城土默特2旗。顺治元年(1644)，始在外藩蒙古实行会盟制。康熙十三年(1674)，置哲里木、卓索图、昭乌达、锡林郭勒、乌兰察布、伊克昭6盟，分辖札萨克49旗，直属中央。二十九年（1690），喀尔喀蒙古归服后，将外藩蒙古分为内札萨克蒙古和外札萨克蒙古。康熙十三年前设置的哲里木等6盟为内札萨克蒙古，简称内蒙古。内蒙古一名始此。雍正六年(1741)，置归绥兵备道，治归化城(今呼和浩特)，隶山西省，辖11厅。乾隆四年(1739)，置绥远将军，辖归化城土默特2旗。十年（1745），置呼伦贝尔海拉尔副都统，辖索伦8旗。二十六年（1761），置察哈尔都统，辖察哈尔游牧8旗和4畜群旗。雍正后随着汉族移民的增多，增设道、府、厅、县，直属内地省。宣统三年(1911)，置呼伦兵备道，治海拉尔，隶黑龙江省，辖4厅。光绪三年(1877)、三十年（1904），分别在科尔沁左、右翼设昌图、洮南2府，属奉天省。三十年（1904）置札赉直隶厅，属黑龙江省。三十三年（1907），置赤峰直隶厅，属直隶。1914年，废道，置热河、察哈尔、绥远3特别行政区。1915年，又增置呼伦贝尔特别行政区，直属中央政府。不隶属3特别行政区的哲里木盟科尔沁6旗属奉天省，札赉特旗属黑龙江省，阿拉善属甘肃省。1929年，改3特别行政区为省，废呼伦贝尔特别行政区，划归黑龙江省。1931年，在内蒙古东部置兴安东、南、北3分省，治所扎兰屯、王爷庙(今乌兰浩特)、海拉尔，属伪满洲国兴安局。1932年，兴安局改为兴安总署，次年增设兴安西分省，治所开鲁。1934年，将分省改为省。1943年，置兴安总省。内蒙古西部属伪蒙疆自治政府。1946年，废兴安总省，成立兴安省政府，西部区属蒙绥政府。1947年，内蒙古自治区成立，辖呼伦贝尔、纳文慕仁、兴安、锡林郭勒、察哈尔5个盟，治所王爷庙，自治区名始于此。1949年，将热河省昭乌达盟、辽北省哲里木盟划入，呼伦贝尔盟与纳文慕仁盟合并设呼伦贝尔纳文慕仁盟；同年11月，中央人民政府批准自治区政府迁驻张家口。1950年，将察哈尔省多伦、宝昌、化德3县划入。1952年，迁驻归绥市。1954年，撤销绥远省，所辖区域归内蒙古自治区，归绥市复名呼和浩特。同年将呼伦贝尔纳文慕仁盟与兴安盟合并建立呼伦贝尔盟。1955年，将热河省敖汉旗、喀喇沁旗、翁牛特蒙古族自治旗和赤峰、宁城、乌丹3县划入。1956年，甘肃省巴音浩特蒙古族自治州、额济纳自治旗划入，并置巴彦淖尔盟。1962年，河北省商都县划入。1969年，析哲里木盟及呼伦贝尔盟科尔沁右翼中旗、突泉县划归吉林省，昭乌达盟划归辽宁省，呼伦贝尔盟划归黑龙江省，阿拉善右旗、额济纳旗划归甘肃省，阿拉善左旗划归宁夏回族自治区。1979年，将哲里木、昭乌达、呼伦贝尔3盟和阿拉善左、右2旗、额济纳旗重新划入。1980年，置阿拉善盟，辖阿拉善左旗、阿拉善右旗、额济纳旗。同年恢复兴安盟，辖乌兰浩特市、突泉县、扎赉特旗、科尔沁右翼前旗、科尔沁右翼中旗。1983年，赤峰市升为地级市，撤销昭乌达盟，所辖区域归赤峰市。1999年，撤销哲里木盟，置地级通辽市。2001年，撤销伊克昭盟，置地级鄂尔多斯市；撤销呼伦贝尔盟，置地级呼伦贝尔市。2003年，撤销巴彦淖尔盟，置地级巴彦淖尔市；撤销乌兰察布盟，置地级乌兰察布市。,内蒙古自治区,https://dmfw.mca.gov.cn/,中国·国家地名信息库,1947年，内蒙古自治区成立。,high,中国·国家地名信息库,official,acd8c67587c2712184ffa96be589a1b880d6358b2f9ebec612f21710a29ba6b0,2026-07-13T03:29:18.636917+00:00,2026-07-13T03:29:18.636917+00:00
fe29bf93b70ccfcdd33e2ff75238f80cc06be6d1,64e2ab5873a3cf6c99b91a446c645466b4c215a7,92106dab723d4dc065eab23eec3caa30,辽宁省,辽宁省,,,省级行政区,1929年，奉天省改称辽宁省。以美好意愿得名。,辽宁，辽河流域永久安宁之意。,"战国时期，燕国开拓辽河流域，于辽河以东置辽东郡，辽河以西置辽西郡，即以“辽”字作为政区名，为后代沿用；并出现了襄平(今辽阳)这样初具规模的古老城邑。秦统一中国,因袭辽东、辽西郡。西汉时起设置幽州刺史部直至三国，辽宁地区均属幽州。西汉属辽东、辽西、右北平、玄菟四郡。东汉时属辽东、辽西、玄菟郡，并增设辽东属国分领县邑。三国(魏)改辽东属国为昌黎郡，玄菟、辽东郡仍旧。西晋析幽州在辽宁境置平州，分领郡县不变。东晋十六国时期，前燕、前秦、后燕先后占领辽东，均置平州统领郡县。北燕建都龙城(今朝阳)，这时高句丽割据辽河以东。北魏改平州为营州,统领昌黎、建德诸郡。隋时在辽河以西置柳城、辽东、燕郡。唐高宗总章元年(668)，平定高丽后，置安东都护府，辖新城、辽城、建安州诸都督府；西部置营州，均属河北道。辽代属东京、中京道。金代属东京、北京、咸平路。辽、金时辽阳府均为“五京”之一的东京。元置辽阳等处行中书省，辖辽阳、沈阳、广宁府、大宁路和咸平府。明代属辽东都指挥使司，辖二十五卫。后金天命十年(1625)，自东京辽阳迁都沈阳。天聪八年(1634)，尊为盛京。清顺治元年(1644)，定都北京,以盛京为陪都。康熙元年(1662)，设镇守辽东等处将军，驻盛京城。四年（1666），改为镇守奉天等处将军，因辽河流域是清朝的发祥地，取“奉天承运”之意。乾隆十二年(1747)，改为镇守盛京等处将军，辖奉天、锦州二府和所属州、厅、县。光绪三十三年(1907)，改镇守盛京等处将军为东三省总督，并增设奉天巡抚，至此奉天正式建省。1912年，废府、州、厅。1914年，分属辽沈、东边、洮昌三道。1929年，奉天省改称辽宁省，省名由此肇始。省会奉天改称沈阳。1934年，分隶奉天、安东、锦州、热河、四平、兴安西、兴安南7省。1945年，分设辽宁省、安东省、辽北省、热河省、辽西区行政公署、辽南区行政公署和旅大金联合办事处。1946年，辽宁省政府改驻通化市，原辖3行政督察署划归安东省。辽西区行政公署及其所辖市县划归辽北省，均隶东北行政委员会。1947年，辽宁省政府驻地迁梅河口。旅大金联合办事处改关东公署。1948年，辽南行政公署并入辽宁省，省政府改驻瓦房店市。辽北省政府改驻郑家屯。1949年，由原辽宁省所辖营口市、辽阳市和8县，原安东省所辖安东市、通化市、通化专署15县，原辽北省所辖西安市和5县组成辽东省。由原辽北省所辖锦州市、四平市、阜新市、山海关市和18县，原辽宁省所属台安、盘山、辽中3县组成辽西省。关东公署改称旅大行政公署，与沈阳市、抚顺市、鞍山市、本溪市均隶东北行政委员会。1950年，旅大行政公署改旅大市。1953年，山海关市划归河北省。1954年，撤销东北行政委员会，辽东、辽西两省合为辽宁省。原辽东省所辖通化市、辽源市、通化专署11县，原辽西省所辖四平市、梨树县、双辽县划归吉林省。原沈阳、旅大、鞍山、抚顺、本溪5直辖市改为省辖市，以沈阳为省会。1956年，原热河省辖朝阳、建平、建昌、凌源、北票5县和喀喇沁左旗划归辽宁省。分设锦州、辽阳、安东、铁岭4专区。1958年，改设阜新、喀喇沁左翼2蒙古族自治县。1959年，撤销锦州、辽阳、安东、铁岭4专区，实行市领导县体制，奠定现行行政区划基础。1969年，内蒙古自治区所属昭乌达盟及下辖赤峰市、3县、7旗划归辽宁省。1979年，又将昭乌达盟及所辖赤峰市、3县、7旗划归内蒙古自治区。",辽宁省,https://dmfw.mca.gov.cn/,中国·国家地名信息库,1929年，奉天省改称辽宁省。以美好意愿得名。,high,中国·国家地名信息库,official,53c0ad0a051363ce4fdcb5c019a6b85f8f476eaa551664c8d622cd95d73883da,2026-07-13T03:29:25.374951+00:00,2026-07-13T03:29:25.374951+00:00
72fc00377d9368b35e0fe836f658008348ba511c,a3c6d64d4de3498d1728988302d10f3a542d9fdb,ac31c6cae7538f65da413180fb8a7b18,吉林省,吉林省,,,省级行政区,清光绪三十三年（1907）设吉林行省，省会驻吉林城。,“吉林”来源于满语“吉林乌拉”，为“沿江”之意，即沿江之地。乾隆二十二年（1757）宁古塔将军改称镇守吉林乌拉等处将军，简称吉林将军，省名由此肇始。,清顺治十年（1653），在今黑龙江省境内，将宁古塔（今黑龙江省宁安市）驻防官改为宁古塔昂邦章京，辖今黑龙江省与吉林省境内的大部分地区。康熙元年(1662)改称镇守宁古塔等处将军。康熙十二年（1673），清廷建吉林城，命名“吉林乌拉”。十五年（1676），宁古塔将军驻地迁船厂(今吉林)，在船厂设将军衙门。二十二年（1683），析设镇守黑龙江等处将军，从此，东北形成三将军鼎立局面。乾隆二十二年（1757），宁古塔将军改称镇守吉林乌拉等处将军（简称吉林将军）。光绪三十三年（1907），改设吉林行省，行政区划不变，所领府厅州县仍旧。后分置西南路、西北路、东南路、东北路4道，省会吉林府。至宣统三年(1911)添改府厅州县29个。加上原有的，共计37个。1912年，中华民国成立，设吉林省。东北沦陷时期，日军侵略者扶植成立了傀儡政权伪满洲国，在长春拼凑了伪满洲国中央机构，划出长春县的城区成立“新京”市，充作首都。1934年，日伪政府把东北肢解成14省，吉林省辖区各县分别划入吉林、滨江、三江、间岛4省，吉林省只领18县1旗。设新京（今长春市）特别市，为“首都”。1945年，光复。1946年至1949年政区多次变动，省会多次迁移。1949年，省人民政府复迁吉林市。长春特别市划归吉林省。1953年，长春复置中央直辖市。1954年2月，将吉林省扶余县五区与黑龙江省郭后旗三区的界线确定以松花江主流（新开江）为界；6月，东北6省改划为4省。以原吉林省为基础，将黑龙江省的白城、洮南、安广、大赉、瞻榆、开通、镇赉7县划归吉林省；将辽东省的通化、西安（同时更名为辽源市）2市及东丰、西安、通化、海龙、临江、辑安、长白、抚松、靖宇、柳河、辉南等11县划归吉林省；将原辽西省的四平市、双辽县、梨树县划归吉林省。吉林省共辖2地级市、2专区、l自治区，41县、4县级市、1旗。随着行政区划的变更，省界也有很大变化。1954年8月15日，吉林省与黑龙江省、辽宁省以新划归吉林省的市、县界线为省界；同年9月，吉林省会由吉林迁到长春。1968年，将内蒙古自治区哲里木盟各县旗和呼伦贝尔盟的突泉县、科尔沁右翼前旗等划归吉林省管辖。1979年，将哲里木盟属各县旗和呼伦贝尔盟的突泉县、科尔沁右翼前旗归回内蒙古自治区管辖。1982年8月，恢复德惠地区，辖原长春市的榆树、农安、九台、德惠、双阳5个县；恢复永吉地区，辖原吉林市的永吉、舒兰、磐石、蛟河、桦甸5个县。1983年3月，将延吉县更名为龙井县，县驻地迁龙井镇；8月，将安图县驻地由松江镇迁至明月镇；撤销四平地区，设立四平市（地级），辖原四平地区的怀德、梨树、伊通、双辽4个县；设立辽源市（地级），东丰县划归辽源市；撤销德惠地区，所属的农安、德惠、榆树、九台、双阳5个县划归长春市；撤销永吉地区，所属的永吉、舒兰、蛟河、桦甸、磐石5个县划归吉林市；10月，恢复东辽县，以原东辽县并入辽源市的行政区域为东辽县的行政区域；12月，设立四平市铁东区、铁西区；设立辽源市龙山区、西安区。1985年2月，撤销通化地区，将通化市升为地级市；将浑江市升为地级市；撤销海龙县，设立梅河口市（地级）；撤销怀德县，设立公主岭市（地级），以原怀德县行政区域为公主岭市的行政区域，并将四平市的伊通县划归公主岭市管辖；撤销敦化县，设立敦化市（县级），仍由延边朝鲜族自治州管辖；12月，又将梅河口市改回县级市，将辉南、柳河2个县划归通化市管辖。年末，吉林省共辖长春、吉林、四平、辽源、通化、浑江6个地级市，延边朝鲜族自治州1个州，白城地区1个地区；下设榆树等33个县，长白、前郭2个自治县，延吉等6个县级市。1986年1月，将公主岭市改为县级市；将伊通县划归四平市管辖；9月，通化市设立东昌区、二道江区；浑江市设立八道江区、临江区、三岔子区。1987年5月，撤销洮安县，设立洮南市（县级）；10月，撤销扶余县，设立扶余市（县级）。1988年3月，撤销集安县，设立集安市；5月，撤销珲春县，设立珲春市；撤销龙井县，设立龙井市；撤销桦甸县，设立桦甸市；8月，撤销九台县，设立九台市；撤销大安县，设立大安市；撤销伊通县，设立伊通满族自治县。1990年12月，撤销榆树县，设立榆树市。1992年2月，吉林市郊区更名为丰满区；撤销扶余市，设立松原市（地级），设立松原市扶余区；9月，撤销浑江市临江区，设立临江县，隶属于浑江市；10月，撤销舒兰县，设立舒兰市。1993年，撤销白城地区，设立白城市（地级）；撤销白城市（县级），设立白城市洮北区（县级）。原白城地区所辖的洮南市、大安市由省直辖；7月，撤销和龙县，设立和龙市；11月，撤销临江县，设立临江市。1994年1月，浑江市更名为白山市；7月，撤销德惠县，设立德惠市（县级）。1995年7月，撤销长春市郊区，设立长春市绿园区；撤销双阳县，设立长春市双阳区；将二道河子区更名为二道区；设立扶余县；松原市扶余区更名为宁江区；8月，撤销磐石县，设立磐石市。1996年1月，撤销白山市三岔子区，设立江源县；5月，撤销双辽县，设立双辽市（县级）。2006年6月，撤销江源县，设立白山市江源区。2010年2月，将白山市八道江区更名为浑江区。2013年1月，撤销扶余县，设立扶余市（县级）。2014年10月，撤销县级九台市，设立长春市九台区。2020年6月，原四平市代管的公主岭市改由长春市代管。2021年末，吉林省辖长春、吉林、四平、辽源、通化、白山、松原、白城8个地级市，延边朝鲜族自治州1个自治州，共9个地级政区；下设21个市辖区、20个县级市、16个县、3个自治县，共60个县级政区。,吉林省,https://dmfw.mca.gov.cn/,中国·国家地名信息库,清光绪三十三年（1907）设吉林行省，省会驻吉林城。,high,中国·国家地名信息库,official,56b8e83d39b1b2157093ab162688cfc412c1cb2aec27ef0d8b9b733b6ccc310a,2026-07-13T03:29:32.304008+00:00,2026-07-13T03:29:32.304008+00:00
4d67bd2ebef89cedc34fc1914e1352e593c45273,0317e7aea5617a3e92736a71f3fb03df4d12426c,16b350b52a76b37bad80804bd37739e8,黑龙江省,黑龙江省,,,省级行政区,清光绪三十三年(1907)，裁撤黑龙江将军，改设黑龙江行省。,黑龙江，古称“黑水”，汉代称“弱水”，唐代称“望建河”，辽金之后称“黑龙江”。清初称“萨哈连乌拉”，系满语，“萨哈连”意为“黑”，“乌拉”意为“江”。清代又称“乌江”“乌龙江”。黑龙江词源于汉语，言其水黑色，状似游龙。,清光绪三十三年(1907)，裁撤黑龙江将军，改设黑龙江行省，省会齐齐哈尔城。省以下分设府、厅、州、县，并设道区分辖。宣统三年（1911），黑龙江省辖3道、7府、6厅、1州、7县，吉林省境内属今黑龙江省的有2道、7府、3厅、1州、7县。2013年各府、厅、州一律改为县的建制。1914年，黑龙江省共设3道、23县、5设治局、4旗，吉林省境内属今黑龙江省的有2道、18县、4设治局。1929年，裁撤道区，改为省、县两级制，由省直接辖县。至1930年，黑龙江省辖42县、11设治局，吉林省境内属今黑龙江省的有22县。日本侵占时期，其扶植成立的傀儡政权伪满洲国划为14省、1特别区、2特别市，今黑龙江省内有龙江、滨江、三江、黑河4省和东省特别区、哈尔滨特别市。1937年，增设牡丹江省。1939年，增设北安省、东安省。1943年，牡丹江、东安、间岛3省合并设立东满总省。1945年6月，撤东满总省，将原牡丹江省与原东安省合并为东满省。今黑龙江省境内共设龙江、滨江、三江、黑河、北安、东满6省，下设5市、74县、3旗。抗日战争胜利后，划为松江、合江、黑龙江、嫩江、绥宁5省，哈尔滨为中央直辖市。1946年，撤绥宁省，改设牡丹江专区。1947年，黑龙江省与嫩江省合并为黑嫩省，后又分治。同年，成立牡丹江省，1948年，撤销，所辖市县分别划归松江省和合江省。1949年，撤合江省，并入松江省。黑龙江省与嫩江省合并为黑龙江省，同时将原嫩江省所辖的扶余、乾安两县和郭尔罗斯前旗划归吉林省。1954年，撤销松江省建制，与黑龙江省合并为黑龙江省，并将哈尔滨市改为省辖市并入黑龙江省，省会设于哈尔滨市。同时，将原黑龙江省所属的白城、洮南、安广、大赉、镇赉、开通、瞻榆7县划归吉林省。黑龙江省共辖3专区、5市、64县、2旗、1矿区。1969年，内蒙古自治区所属呼伦贝尔盟划归黑龙江省。1979年，呼伦贝尔盟和大兴安岭地区的鄂伦春自治旗、莫力达瓦达斡尔族自治旗划归内蒙古自治区。2022年，全省共辖12个地级市和1个地区。,黑龙江省,https://dmfw.mca.gov.cn/,中国·国家地名信息库,清光绪三十三年(1907)，裁撤黑龙江将军，改设黑龙江行省。,high,中国·国家地名信息库,official,014ed188c9b50bb1fd23fab5d548c0b152f33ad95ea40c19225b8187ff7d453f,2026-07-13T03:29:40.659886+00:00,2026-07-13T03:29:40.659886+00:00
538c2b79959781adcb229f1c1c27498bb3de6f5a,ce3f029f9768e12f1284e24de317be91d575afdc,c9991bb8823d320bdd70e1c2d03e65a8,上海市,上海市,,,省级行政区,上海之名始于上海浦，吴淞江有许多支流，在华东地区，称支流为“浦”。,北宋时已有上海浦，“上海”之名主要有两说：一说“因地居海之上洋”，即位于入海口“上”处，故名；一说海外商舶常在此登岸，故名。上海的简称“沪”原系一种捕鱼工具，以竹编成，古代吴淞江下游居民多以捕鱼为业，故称古吴淞江下游为“沪渎”，东晋吴国内史（太守）虞潭曾修沪渎垒，以防海寇，后袁山松又加以增筑，故址在青浦区旧青浦西。今上海市境相传为战国时楚国春申君封地，元代以后附会黄浦江为其开凿，因而黄浦江一名春申江、申江，此为简称“申”的由来。,上海浦在北宋时已成较大聚落。天圣元年(公元1023年)秀州地区已有17处酒务，上海务是其中之一。南宋咸淳三年(公元1267年)正式建上海镇，并设市舶务。元初设置市舶司，至元廿九年（1292年），划华亭县东北境设上海县，驻地上海镇。清乾隆六年（1741年）置苏松太道，习称上海道，治上海县城，隶江苏省。1914年以今市境和江苏省太仓、海门合置沪海道，治上海县城。1927年废道制，并析上海县北部，宝山县西南部等地置上海市。1928年改称上海特别市。1930年复称上海市，直隶国民政府行政院。1958年江苏省属上海、嘉定、宝山、川沙、南汇、奉贤、松江、金山、青浦、崇明10县划入，成今境。地名沿用至今。,上海市,https://dmfw.mca.gov.cn/,中国·国家地名信息库,上海之名始于上海浦，吴淞江有许多支流，在华东地区，称支流为“浦”。,high,中国·国家地名信息库,official,c70af1a32e34da0301c917ab2fadfb14bd383240e93292ee86c524504c9a60e2,2026-07-13T03:29:49.811788+00:00,2026-07-13T03:29:49.811788+00:00
fb97e2f629d159cbff88bb76e56cfb480606eca0,9bb8012246b93591b0f5bd9cda3befdb20fcd40c,ea44aa5b0b491f8da3ae8973b04cb89e,江苏省,江苏省,,,省级行政区,《江苏省志·地名志》载，清顺治二年（1645），改南直隶置江南省。清康熙六年（1667），析东境置江苏省。,以江宁为东南重地，苏州为财赋要区，乃取两府首字命名省名为“江苏”。简称“苏”。“江”寓“江外无事，宁静于此”之意；“苏”取自“苏州”，而“苏州”又取自“姑苏”，最早记载“姑苏”两字的典籍文字：《史记·河渠书》“上姑苏，望五湖”。《国语·吴语》“入其郛，焚其姑苏，徙其大舟”。《越绝书》“秋冬治于城中，春夏治姑胥之台。”《吴越春秋·句践伐吴外传》“丁亥入吴，焚姑胥台。”,清顺治二年（1645），改南直隶置江南省。清康熙六年（1667），析东境置江苏省，取江宁、苏州2府首字命名。两江总督驻江宁，江苏巡抚驻苏州。1860—1863年，太平天国先后在太湖流域（含今上海市范围）建立苏福省，在江浦县建立天浦省以及建立以都城天京为中心的天京省。1912年，废府、州、厅制，分全省为60县，省会江宁县（今南京）。1927年，国民政府定南京为首都，划原南京外城廓以内和江浦县浦口镇置南京市，析上海、宝山、嘉定、松江4县地置上海市，均直隶国民政府行政院，1928年，改为特别市。1929年，省会迁镇江县。1949年，南京市由中华人民共和国中央人民政府直辖（1950年改由华东军政委员会领导），萧县、砀山、江浦3县划归皖北行署区，徐州、新海连2市和丰县、华山、沛县、铜北、邳县、东海、赣榆7县划归山东省，其余以长江为界分置苏南、苏北2行署区。1952年底，撤销2行署区重建江苏省，归华东行政委员会领导，改南京为省辖市，为省人民政府驻地，原划归皖北行署区和山东省管辖的市、县划回江苏。1953年，松江专区嵊泗县划归浙江省。1954年，华东行政委员会撤销，江苏省改由中央人民政府直辖。1955年，萧县、砀山2县划归安徽省，划入原属安徽省的盱眙、泗洪2县。1958年，松江专区9县和南通专区的崇明县划归上海市。1970年，各专区更名为地区。1983年，撤销所有7个地区，实行市管县体制，将7个地区所辖各县划归11个地级市领导。1996年，增设泰州、宿迁两个地级市，至此江苏省共辖13个设区的市。,江苏省,https://dmfw.mca.gov.cn/,中国·国家地名信息库,《江苏省志·地名志》载，清顺治二年（1645），改南直隶置江南省。清康熙六年（1667），析东境置江苏省。,high,中国·国家地名信息库,official,b35ad058ae075f83e8b48549c9cb14cffe701672079526d3a35119a2f925ef08,2026-07-13T03:29:58.311886+00:00,2026-07-13T03:29:58.311886+00:00
4f34614b6781a9c2a6734502c9215d5009691690,fdc6143585a9e63991ea048ca769dde247ef173e,26aefbf86c738a402cf01b5ada05a9ff,浙江省,浙江省,,,省级行政区,“浙江”作为省级政区通名始于唐乾元元年（758），以境内最大河流钱塘江古别称“浙江”得名。简称“浙”。,“浙江”之名始见于春秋战国时期。《山海经·海内东经》：“浙江出三天子都，在其东。在闽西北，入海，余暨南。”《史记·秦始皇本纪》：秦始皇上会稽祭大禹，“至钱唐，临浙江，水波恶，乃西百二十里，从狭中渡。”《越绝书》卷八：“句践与吴战于浙江之上。”《吴越春秋·勾践入臣外传》：勾践与越大夫范蠡“入臣于吴，群臣皆送至浙江之上，临水祖道，军阵固陵”。《庄子·外物》作“制河”（或作“淛河”），《水经注》卷四十作“渐江”。旧说以江水反折，江道曲折得名。晋虞喜《志林》：“江有反涛，水势折归，故云浙江。”南宋祝穆《方舆胜览》：“浙江，取其曲折以为名。”《大明一统志》载：“江口有山，居江中，潮水投山，十折而曲，故云浙江。”清顾祖禹《读史方舆纪要》引唐卢肇语：“浙者，折也。取潮水出海屈折倒流也。”陈桥驿认为，“浙江”实系越语地名，“浙江”“渐江”“淛江”“制江”皆系对同一越语语词的一音之转。,春秋时先分属吴、越国，后属越。战国时属楚。秦分属会稽、闽中、鄣3郡。郡治分别为吴县(今江苏省苏州市)、侯官(今福建省闽侯县)、鄣县(西汉改为故鄣县，今浙江省安吉县递铺街道古城村)。西汉属会稽、丹阳2郡，州治设寿春县(今安徽省寿县)。东汉永建四年（129），分浙江以西为吴郡，浙江以东为会稽郡。自此，浙东、浙西始为地名。唐乾元元年（758），置浙江东道、浙江西道。北宋淳化四年（993），置两浙道，为十道之一。至道三年（997），改道置两浙路，治杭州。元至元二十二年（1285），置江浙等处行中书省。至正二十六年（1366），始建浙江行中书省，治杭州府。明洪武九年（1376），罢行省之名而改称浙江布政使司。洪武十四年（1381），湖州、嘉兴２府自直隶划入，自此境域稳定少变。清康熙初年改置为浙江省，领杭州、嘉兴、湖州、宁波、绍兴、台州、金华、衢州、严州、温州、处州11府。1914年，置钱塘、会稽、金华、瓯海4道。1927年，废道。1949年，辖杭州、宁波、温州等９市（包括３个地级市、６个县级市），嘉兴、临安、宁波、绍兴、台州、温州、丽水、建德、金华、衢州10个专区及78县。1953年，原属江苏省松江专区的嵊泗县划归浙江省。至2021年5月，浙江省设杭州、宁波2个副省级市，温州、绍兴、湖州、嘉兴、金华、衢州、台州、丽水、舟山9个地级市。,浙江省,https://dmfw.mca.gov.cn/,中国·国家地名信息库,“浙江”作为省级政区通名始于唐乾元元年（758），以境内最大河流钱塘江古别称“浙江”得名。简称“浙”。,high,中国·国家地名信息库,official,f58dde649b280150ae1e76ff62b3eadcf6a8020af191b808756de612733ecb28,2026-07-13T03:30:07.914890+00:00,2026-07-13T03:30:07.914890+00:00
577590324de7659c61b00ae567ff7dbcbdc3f878,1cbdaa02ba6c1f5624425a331c22a1edc1a371a7,db1adcc00d24f7911c8ff91368f98163,安徽省,安徽省,,,省级行政区,取安庆和徽州两府首字而得名。,清康熙六年(1667)，取安庆府、徽州府首字，改为安徽布政使司，安徽之名始此。,商代，亳州曾为成汤之都。战国时，古寿春（今寿县）曾为楚国后期的首都。秦朝实行郡县制，安徽境内淮北地区属砀郡、泗水郡，江淮之间属九江郡，皖南属鄣郡。两汉时期，安徽地属扬、豫、徐三州。三国时期，安徽分属吴、魏，安徽境内曾发生多次战争；两晋、南北朝和隋朝，安徽分属扬、徐、豫三州。宋时，徽商崛起，徽州的经济和文化开始对全国产生重要影响；元朝，安徽地属河南、江浙两行省。明时，安徽由南京直接管辖；清朝安徽建省时，辖安庆、徽州、宁国、池州、太平、庐州、凤阳等7个府及滁州、和州、广德等3个直隶州，疆域格局基本定型，安庆府作为临时省会的地位已经确立。民国初期，安徽省分为芜湖道、安庆道、淮泗道。抗日战争时，中国共产党领导安徽人民建立了淮北抗日根据地，淮南抗日根据地，皖江抗日根据地。中华人民共和国成立前夕，安徽分为皖北、皖南两行署，皖北行署驻合肥市，皖南行署驻芜湖市。1952年，合并皖南、皖北行署，恢复安徽省，省会设于合肥市。,安徽省,https://dmfw.mca.gov.cn/,中国·国家地名信息库,取安庆和徽州两府首字而得名。,high,中国·国家地名信息库,official,c204fb5748db3a4386aab44937223044634d193446047587805cd67f22fc0dbf,2026-07-13T03:30:17.397448+00:00,2026-07-13T03:30:17.397448+00:00
710ffcb8a3f2a7925c085a625096a81f22024526,1d6653a01509570b263094ef3f2dcdfcc497ed27,5d64837e37ddec2274add6b2607e7a6a,福建省,福建省,,,省级行政区,福建之名来源于唐开元二十一年（733）设福建经略使。元朝时期，置福建等处行中书省。,因福建经略使管辖区域内有福州、建州两府，各取其首字而得名福建。,古为闽越地，《周礼·夏官》称七闽。秦置闽中郡，治冶县(别称东冶，即今福州)。汉高祖立无诸为闽越王，都东冶，武帝徙其民江淮，虚其地。始元二年(前85)立为冶县(后复名东冶)。东汉改为东侯官。三国吴永安三年(260)置建安郡，治建安。晋太康三年(282)设晋安郡，治原丰，属扬州。元康元年(291)改属江州。南朝梁增置南安郡，治南安。陈于晋安郡置闽州，升晋安郡为丰州。隋开皇元年(581)废郡，改丰州为泉州。大业初改名闽州。三年(607)废州为建安郡。唐武德元年(618)改建安郡为建州，治闽县(今福州)。五年以南安故郡地为丰州，治南安。六年分置泉州，治闽县。贞观初丰州并入泉州。重拱二年(686)析泉州南部地置漳州，治漳浦(今云霄)。圣历二年(公元699年)析泉州地置武荣州，治南安。景云二年(711)改武荣州为泉州，治晋江，改泉州为闽州，治闽县(今福州)，设闽州都督府，析岭南道之潮州来属。开元十三年(725)闽州改名福州。二十一年（733）更置福建经略使，治福州，福建之称始此，以福、建2州得名。天宝元年(公元742年)改属江南东道，改福建经略使为长乐经略使。乾元元年(758)以长乐郡为福州都督府，经略使改为都防御使。上元元年(760)升置节度使。大历六年(771)置都团练观察处置使，以潮州归岭南道。乾宁三年(896)置为威武军节度使，治福州。五代梁开平三年(90年)封王审知为闽王。贞明六年(920)升置大都督府于福州。闽龙启元年(933)升福州为长乐府。天德三年(945)改长乐府为东都。宋雍熙二年(985)分设福建路。元至元十四年(1277)立行宣慰司于泉州，翌年改为行中书省，后行省迁福州。明置福建等处承宣布政使司，治福州。清置福建行省，治福州。康熙二十三年(公元1683年)增置台湾府。光绪十三年(1887)析台湾府分置台湾省。辛亥革命后仍置福建省。1932年福建省苏维埃政府成立于长汀，领导闽西革命根据地。抗日战争时期福建省会迁永安，1945年后迁回福州。中华人民共和国成立后，福建省人民政府驻福州市，直辖福州、厦门2市，分设8个专区、67县。1951年，设立泉州市、漳州市，分别划归晋江专署和龙溪专署管辖。建瓯专区改名为建阳专区。1953年，原由晋江专署领导的泉州和龙溪专署领导的漳州二市改由省辖。1956年，设南平市，为省辖市；撤销闽侯、永安、建阳三专区。1992年，撤销晋江县设立晋江市（县级）；撤销建瓯县设立建瓯市（县级市）。原行政区划均不变，亦不增加机构和编制。1994年，撤销南平地区，设立南平市（地级市）。撤销南平市（县级市），设立延平区。撤销长乐县，设立长乐市（县级市）；撤销建阳县，设立建阳市（县级市）。至此，全省共设地级市7个，2个地区；县级市15个，48个县，18个区。2014年5月，撤销建阳市，设立南平市建阳区。同年12月，撤销永定县，设立龙岩市永定区。2017年7月，撤销长乐市，设立长乐区。福建省共9个地市。,福建省,https://dmfw.mca.gov.cn/,中国·国家地名信息库,福建之名来源于唐开元二十一年（733）设福建经略使。元朝时期，置福建等处行中书省。,high,中国·国家地名信息库,official,ddcde75e506ac3b59e60f54d5f8c94033cdaa5c87a7af99d37b50433ee0404c5,2026-07-13T03:30:26.918116+00:00,2026-07-13T03:30:26.918116+00:00
9c50252a43c1e9bf3c32829ab71866d1d59d4ac4,f6eb8b759d8a80e236fec4c29a8bd88eadbe14f5,9b7b2ef9eb4852beef169f882c02771b,江西省,江西省,,,省级行政区,唐开元二十一年（733），分江南道为东、西2道，主属江南西道，治洪州（今南昌市）。江西之名缘此。简称赣，因境内最大河流赣江得名。,“江南西道”的省称。,唐开元二十一年（733），分江南道为东、西2道，主属江南西道，治洪州，江西之名缘此。乾元元年（758），置信州，隶江南东道，旋改隶江南西道。至贞元四年（788），江南西道观察使治洪州，与今省境一致。南唐保大八年（950），于南城县设建武军，保大十年，于高安县设筠州。北宋时期江西属江南路。天禧二年（1018），分江南路为东西两路，江西地区分属江南东路和江南西路。南宋初合江南东西路为江南路，绍兴元年（1131），复分东西路。当时，江西地区共有9州4军，下辖68县。元至元十二年（1275），设行都元帅府及安抚司于南昌，十四年，改江西道宣慰司，立江西等处行中书省，江西称省始于此时，治所设在龙兴府（今南昌市）。明初沿袭元制，省治移吉安，旋还洪都。明洪武三年（1370），设江西都卫，八年，改都卫为都指挥使司。九年，废行中书省，设江西等处承宣布政使司（习惯上仍称行省或省）。改路为府，改州为县。境域与今省区一致。清承明制，设江西等处承宣布政使司。顺治元年（1644）设江西巡抚治南昌，四年，设江南、河南、江西总督，治江宁，六年，罢河南不辖，九年，移治南昌，寻还江宁，十八年，设江西总督。康熙四年（1665），复改为江南江西总督，十三年，江南、江西又分设总督，二十一年再合为一，定名为两江总督，仍治江宁。乾隆十九年（1754），升赣州府宁都县为直隶州，下辖瑞金、石城，三十八年，升原定南县为厅，后又增设莲花、铜鼓、虔南3厅。清代江西辖13个府、1个直隶州和79个县（州、厅）。1912年，府、州、厅皆废、改为县，直属于省。1914年，划分为豫章、浔阳、庐陵、赣南4道，分辖81县。1926年，废除道制，实行省县两级制；南昌设市，由省直辖。土地革命战争时期，中国共产党先后在江西建立了湘赣、闽浙赣、湘鄂赣等苏区革命根据地。1929年10月，成立江西省苏维埃政府；1931年9月，成立湘鄂赣省。1931年10月，成立湘赣省，首府设永新县城禾川镇。1931年11月，成立闽浙赣省，首府设横峰县葛源乡。1932年，国民政府划全省为13个行政督察区。1933年4月成立闽赣省，首府先后设黎川县湖坊乡、建宁县、澎湃县等地，辖江西省的黎川、资溪、贵南、铅山、上铅、广丰、东方、金南等16县。1933年8月，成立粤赣省，首府设会昌县文武坝乡，辖会昌、西江、白岭、于都、安远、信康、寻邬等7县。1934年8月，成立赣南省，首府设于都县城，辖于都、杨殷、赣县、登贤等4县。1934年9月，安徽省婺源县、福建省光泽县划归江西。1935年，全省调整为8个行政督察区。1939年，划分为11个行政督察区。1942年8月，改划为9个行政督察区，辖83县。1947年8月，婺源、光泽两县还隶原省。1949年5月，婺源县解放，再划归江西省。1949年5月，全省有9个行政督察区，82个县，1个省辖市（南昌市）。1949年6月16日，江西省人民政府成立；江西省的行政区划曾经有过多次调整和变动。2014年，全省设11个设区市，20个市辖区，10个县级市，70个县，南昌为江西省会。,江西省,https://dmfw.mca.gov.cn/,中国·国家地名信息库,唐开元二十一年（733），分江南道为东、西2道，主属江南西道，治洪州（今南昌市）。江西之名缘此。简称赣，因境内最大河流赣江得名。,high,中国·国家地名信息库,official,eb60feb08962a8ca8324833b7d66596a9116a6bc017424afc89c32911ecc560f,2026-07-13T03:30:36.410371+00:00,2026-07-13T03:30:36.410371+00:00
4c3bcdabefa8883cb4b9e27093d9ed5551df6fce,4ee5abed57e63872000499cbbc7e2bac8afd679c,3e1a0ef6cddc3416682fca9db2e60c7,山东省,山东省,,,省级行政区,金大定八年（1168），置山东东路、山东西路。明洪武元年（1368），置山东行中书省。,因地理位置得名。山东位于崤山、华山或太行山以东，故名。山东，最初作为一个地理概念，主要指崤山、华山或太行山以东的黄河流域广大地区，旧称山左。金大定八年（1168），置山东东路、山东西路，设山东东路统军司，“山东”始作为政区名称。明洪武元年（1368），置山东行中书省。清初设置山东省，“山东”才成为本省的专名。,金大定八年（1168），置山东东路、山东西路，设山东东路统军司。元朝分置燕南河北道、山东东、西道肃政廉访司及山东东西道宣慰司，直隶中书省。明洪武元年（1368），置山东行中书省。九年（1376），移治济南，又改置山东承宣布政使司。清代，始将山东政区的名称定为“山东省”。清末，山东省有济南等10府、济宁等3个直隶州，共辖8个散州96个县。中华民国初期，划分为济南等4道，属县107个。1925年，增为11道。1928年，废道，各县直属省。1937年，设7个行政督察区，旋以抗日战争起而废，同年于抗日根据地成立山东省抗日民主政府。1939年7月，山东划分为3个区和2个特区。1940年8月，中国共产党领导的山东省战时工作推行委员会成立，下辖16个专员公署，88个县。1943年9月，山东省战时工作推行委员会改名为山东省行政委员会，下设5个主任公署及滨海直属专员公署，共辖18个专署和92个县级政权。1945年8月，山东省行政委员会改为山东省政府，下设5个行政公署，共辖21个专署、119个县。1949年3月，山东省政府改称山东省人民政府，下辖14个市、140个县、2个办事处、2个特区。1950年，16个专区合并为11个专区。1952年，聊城、菏泽、湖西3个专区29个县划归山东。临清、馆陶等5个县划入，东光、吴桥等6个县划出。徐州市、新海连市及丰、沛等县划出。1953年6月，滕县专区更名为济宁专区。7月，撤销湖西专区和沂水专区。1954年12月，设立淄博市。1958年，莱阳专区更名为烟台专区。1960年，撤销峄县，设立枣庄市。1963年，东明县划归入。1964年，范县划归出。1965年，馆陶划归出，宁津县、庆云县划归入。1967年，辖德州、惠民、昌潍、烟台、临沂、泰安、济宁、菏泽、聊城9个地区，济南、青岛、淄博、枣庄4个省辖市，5个县级市，107个县。1981年5月，昌潍地区更名为潍坊地区。1982年11月，设立省辖东营市。1983年10月，设立地级烟台市、潍坊市、济宁市。1985年3月，设立地级泰安市。1987年6月，威海市升为地级市。1989年6月，日照市升为地级市。1992年3月，惠民地区更名为滨州地区，1992年10月，莱芜市升为地级市。1994年12月，设立地级临沂市、德州市。1997年8月，设立地级聊城市。2000年6月，设立地级滨州市、菏泽市。2018年，撤销地级莱芜市，并入济南市。,山东省,https://dmfw.mca.gov.cn/,中国·国家地名信息库,金大定八年（1168），置山东东路、山东西路。明洪武元年（1368），置山东行中书省。,high,中国·国家地名信息库,official,c283d2b46a1d64cb542d6e28b5432f52cc8e356e2417aa644be086569fae2818,2026-07-13T03:30:46.532126+00:00,2026-07-13T03:30:46.532126+00:00
3b3b95a7d39fdefda100ba6df32c722560ef9ea8,1eda8fc73a48405504ecc9bef462d1d184753ff4,897d4249b8f69aa409234b15c9bd69d8,河南省,河南省,,,省级行政区,元置河南等处行中书省。清代正式称为河南省。,因位置得名。古处大河（黄河）之南，故称河南。,夏、商为畿内地，西周为东都之地，并有卫、管、蔡等30多个诸侯国。东周为京畿地。战国属魏、韩、卫等国。秦置三川、颍川、东、砀、南阳5郡。西汉置河南、弘农、河内、东、陈留、颍川、汝南、南阳等郡和淮阳国。西汉末属豫州。东汉改河南郡为河南尹(为都城所在地)、淮阳国为陈国。三国魏与西晋建都今境。魏置豫州。晋为司州、兖州、豫州和荆州地。北魏建都洛阳，置司州、怀州、豫州、广州、东豫州。北周、隋初以洛阳为东京。隋炀帝改州为郡，置17郡。唐以洛阳为东都，置河南道，后增置都畿道。五代除南唐都洛阳外，余均都汴梁。宋尝置东京(都汴梁)、西京(都洛阳)，并置京畿、京东、京西3路。金置南京路，哀宗移都于汴京(今开封)。元置河南等处行中书省，治汴梁。以境内大部处于黄河之南，故称河南，省名由此始。明洪武元年(1368)，置中书分省，治开封府。二年（1369），改河南等处行中书省。九年（1376），改行中书省为承宣布政使司。省境大致确定。清为河南省，省会开封府，辖9府、5直隶州和淅川直隶厅、96县。1913年，分豫东、豫西、豫南、豫北4道，辖108县。1927年，废道。1932年，设置11行政督察区。1949年，辖开封、郑州2市，郑州、洛阳、陕州、陈留、商丘、许昌、淮阳、南阳、信阳、潢川10专区，省会开封市。黄河以北县市析置平原省，省会新乡市。1952年，撤平原省，所辖2市3专区及东明县划归河南省。1954年省会迁郑州。1964年，东明县复归山东省，同时将山东省范县、寿张县金堤河以南地区划归河南省。1965年，设立驻马店、周口专区。1969年，撤平顶山特区设地级平顶山市。1970年，设义马矿区。1973年，设舞钢工区办事处（地级）。1974年，安阳、鹤壁、焦作、新乡市升格为地级市。1975年，设济源工区办事处（地级）。1977年，撤舞钢工区办事处并入平顶山市，撤济源工区办事处并入新乡地区。1978年，安阳市降格为县级市划归安阳专区，新乡市降格为县级市划归新乡专区。1981年，撤义马矿区设立义马市。1982年安阳、新乡复为地级市。1983年，撤濮阳县设地级濮阳市。撤销开封地区，所属开封、兰考、蔚氏、通许、杞县5县划归开封市，巩县、新郑、密县、登封、中牟5县划归郑州市。撤销安阳地区，所属安阳、淇县、浚县、林县、汤阴5县划归安阳市，内黄、滑县、清丰、南乐、长桓、范县、台前7县划归濮阳市。新乡地区的新乡、汲县2县划归新乡市，武修、博爱2县划归焦作市。许昌地区的宝丰、鲁山、叶县3县划归平顶山市。洛阳地区的新安、偃师、孟津3县划归洛阳市。1986年，许昌、漯河、三门峡市升为地级市。撤销新乡地区，所属辉县、获嘉、原阳、延津、封丘5县划归新乡市，武陟、温县、泌阳、孟县、济源5县划归焦作市。撤销许昌地区，所属禹县、长葛、许昌、鄢陵4县划归许昌市，偃师、舞阳、临颖3县划归漯河市，郏县、襄城2县划归平顶山市。撤销洛阳地区，所属栾川、嵩县、汝阳、宜阳、伊川、洛宁6县划归洛阳市，渑池、陕县、灵宝、卢氏4县划归三门峡市，临汝县划归平顶山市，义马市由三门峡市代管。1988年，撤济源县设济源市（县级），撤临汝县设汝州市（县级），撤禹县设禹州市（县级），撤汲县设卫辉市（县级），撤辉县设辉县市（县级），撤邓县设邓州市（县级）。1989年，撤销沁阳县设沁阳市（县级）。1990年，撤平顶山市舞钢区设舞钢市（县级）。1991年，撤巩县设巩义市（县级）。1993年，撤灵宝县设灵宝市（县级），撤长葛县设长葛市（县级），撤偃师县设偃师市（县级），撤项城县设项城市（县级）。1994年，撤销南阳地区、县级南阳市、南阳县，设立地级南阳市。撤林县设林州市（县级），撤密县设新密市（县级），撤荥阳县设荥阳市（县级），撤新郑县设新郑市（县级），撤登封县设登封市（县级）。邓州市由省直辖。1996年，撤孟县设孟州市（县级），撤永城县设永城市（县级）。1997年，撤销商丘地区和县级商丘市、商丘县，设立地级商丘市。济源市由省直辖。1998年，撤销信阳地区和县级信阳市、信阳县，设立地级信阳市。2000年，撤销周口地区和县级周口市，设立地级周口市。撤销驻马店地区和县级驻马店市，设立地级驻马店市。,河南省,https://dmfw.mca.gov.cn/,中国·国家地名信息库,元置河南等处行中书省。清代正式称为河南省。,high,中国·国家地名信息库,official,a1b32db2ae1940421f5c0e957db74ffa8b558cbcde1d220b0b150ebe82c74f7e,2026-07-13T03:30:56.764823+00:00,2026-07-13T03:30:56.764823+00:00
3a41babb66788a2e1f70d627558d2b2119ebc40d,da5a87ffdb94ccd98e6260a92c8ccfb1731c3c9d,9fc0e3ab806299d3a80003b2fa14e767,湖北省,湖北省,,,省级行政区,以北宋荆湖北路名称为名。,荆湖北路（简称湖北路）为北宋的十五路之一，治所在江陵府（今荆州市荆州区）。,春秋时，省境有楚、随、邓、权、唐、厉、郧、庸、夔、卢等诸候国，以楚国最大。战国时统一于楚。秦置南郡，西部属汉中、黔中等郡。汉主属荆州刺史部，以汉江为界，西部为南郡，东部为江夏郡。三国时北部属魏，东南部属吴，均称荆州，西部属蜀。两晋至南北朝置郢州，余属荆州。隋统一后主属荆州，一度称鄂州。唐初分属淮南、山南2道及江南道，后分属山南东、江南西、淮南、黔中诸道。北宋北部属京西南路，东部属江南西路，南部属荆湖北路（简称湖北路），湖北之名始此。南宋时属京西南、淮南西、荆湖北及夔州诸路。元代主属河南行省、湖广行省。明洪武九年（1376），改为湖广布政使司。清康熙三年（1664），湖广分治，置湖北省，省名从此确立，治武昌府江夏县（今武汉市武昌）。1927年，设武汉特别市，直属国民政府。1929年1月，改武汉市，属湖北省；7月，武汉分治，3镇各有隶属。1932年，划孝感、黄陂、黄安（今红安）及河南罗山4县各一部分置礼山县（今大悟县）；划黄安、麻城2县各一部分入河南省置经扶县（今新县）；划安徽省英山县归湖北省。1936年，划江西省九江县江北部分归湖北黄梅县，成今境。1949年，成立武汉市，由中央直辖。1950年，湖北省和武汉市由中南军政委员会领导，原两郧专区所辖6县由陕南行署区划回，改置郧阳专区。1952年，湖北省和武汉市由中南行政委员会领导。1954年，撤销中南行政委员会，湖北省改由中央直接领导，武汉市为省辖市。,湖北省,https://dmfw.mca.gov.cn/,中国·国家地名信息库,以北宋荆湖北路名称为名。,high,中国·国家地名信息库,official,1e4a58f180b469f0680e2e1d1a5f81dac47fa784ee9221971dde7c7616509338,2026-07-13T03:31:07.541682+00:00,2026-07-13T03:31:07.541682+00:00
1a3a5e54bf03e812c8e8561a8a0d3546ec921f47,cf9c4177681068b98a1d9a17f7c333694ca95cc8,2fd0835b88c82547e9aa632903a2111d,湖南省,湖南省,,,省级行政区,唐广德二年（764），在衡州置湖南观察使，正式有“湖南”之名。,“湖南”之名来源于境域大部分居洞庭湖以南。简称“湘”，因省内最大河流湘江流贯南北而名。《说文解字》：湘，从水、从目、从木，为“相水”之意。南朝宋庾仲雍《湘中记》云：“湘水至清，虽深五六丈，见底了了，石子如樗蒲矢，五色鲜明，白沙如霜雪，赤如朝霞。”又简称“潇湘”。“潇湘”原指位于永州的潇水、湘江的汇合处。《山海经•中山经》言湘水“帝之二女居之，是常游于江渊。澧沅之风，交潇湘之渊”。到唐代中期，“潇湘”不单指潇水和湘水，而是被诗人们衍化为地域名称。陆游诗：“挥毫当得江山助，不到潇湘岂有诗？”湖南又别称“三湘”，自宋代以来，多以“三湘”代指湖南。,境域在为《禹贡》荆州南境。春秋、战国时代属于楚国苍梧、洞庭二郡。秦始皇设黔中、长沙两郡。西汉初期属于长沙国，汉武帝之后属武陵郡、桂阳郡、零陵郡和长沙郡。三国时属吴国荆州，置昭陵郡，为荆南五郡。西晋时分属荆州和广州；东晋时分属荆州、湘州、江州。南朝宋、齐、梁时分属湘州、郢州和小部分荆州；南朝陈时分属荆州、沅州。隋开皇九年（589），平南陈而统一中国后，在湖南设长沙、武陵、零陵等八郡。唐开元二十一年（733），分属山南东道、江南西道和黔中道、黔中道黔州都督府。广德二年（764），在衡州置湖南观察使，从此在中国行政区划史上正式有“湖南”之名。宝历二年（826），始设湖南道。五代十国，马殷据湖南，建立楚国，国都为长沙。宋朝分全国为路，路下设州、府、军、监，各辖若干县。湖南主要在荆湖南路，简称湖南。元代实行行省制度，湖南属湖广行省，分岳州、常德、澧州等14路和茶陵、耒阳、常宁3州。明朝行省设布政使司，后改为承宣布政使司；省下为府（州），府下设县，实行省、府（州）、县三级制；湖南属湖广布政使司。清朝地方政权实行省、道、府（直隶厅、直隶州）、县（散厅、散州）四级制。康熙三年（1664），置湖广按察使司，湖广右布政使、偏沅巡抚均移驻长沙。随之湖广行省南北分治，建立湖南省，下设长宝道、岳常澧道、辰沅永靖兵备道、衡永郴桂道四道，道下为府，直隶州（厅），府（州）下为县。雍正元年（1723），设湖南布政使司。二年（1424），偏沅巡抚易名湖南巡抚。中华民国时，湖南废除府、厅、州，保留道、县两级。1914年，湖南省设湘江道、衡阳道、武陵道、辰沅道四道，道下辖县。1922年，道制撤销，仅存省、县两级。1937年12月，普遍设立行政督察专员公署，湖南省划为九区，并设立长沙市、衡阳市两省辖市，湖南省政府驻长沙市。中华人民共和国成立以后，湖南省建制基本格局变化不大。1949年，设置长沙地级市。1956年，设置株洲地级市，以及长沙、衡阳、郴县、常德、益阳、邵阳、永州7个直属专区，湘西行政区及所辖永顺、沅陵、会同3个专区。1957年9月，设立湘西土家族苗族自治州。1960年，郴县专区改称郴州专区。1970年，郴州专区改称郴州地区。1980年2月，设湘潭、衡阳、邵阳地级市。1983年2月，设岳阳地级市。1988年1月，设常德地级市。1988年5月，大庸市升为地级市。1994年4月，更名为张家界市。1994年4月，设立益阳地级市；12月，设郴州地级市。1995年11月，设立永州地级市。1997年11月，设立怀化地级市。1999年1月，设立娄底地级市。从而形成13个省辖市和1个自治州的建制格局。,湖南省,https://dmfw.mca.gov.cn/,中国·国家地名信息库,唐广德二年（764），在衡州置湖南观察使，正式有“湖南”之名。,high,中国·国家地名信息库,official,604033fab8bcd9af3e10f5c1bf11bbe2aaa52269080e599551fb7d0fd7e37f90,2026-07-13T03:31:26.566045+00:00,2026-07-13T03:31:26.566045+00:00
5762fd878d40f43ab5d27d913f8e2864b6d385ba,044fd93f5d9baddcadd27d05b12de3a3d4742b36,81590cd787fb01dc9aff9616b83fd9d1,广东省,广东省,,,省级行政区,明初置广东行中书省，始有广东之名。清称广东省，广东省名称正式使用。广东省古为百越地，粤同越，故广东省简称粤。,“广东”的含义有三说。一说“广”取义于“广信”，因汉武帝平定岭南有“初开粤地，宜广布恩信”之语。二说“广”由三国吴置广州而来。北宋至道三年(997)分广南路置广南东路、广南西路，“广东”即广南东路简称。明郭子章《郡县释名·广东》：“《沿革志》云‘自秦以来，皆属南海。至梁分广州置桂州，广于是有东、西之名。宋置广南东路……’”三说，“广”指其地广。明郭子章《郡县释名·广东》：“唐《天文志》云：‘南海地兼荆扬土日以广，故名。’”,古为百越地。楚城称楚庭(今广州)，后改番禺。秦南海郡治番禺，余属桂林、象、长沙、九江郡。秦末汉初岭南3郡自立南越国，都番禺。西汉元鼎六年(前111)置交趾刺史部，辖南海、合浦、苍梧、儋耳、珠崖郡。东汉建安八年(203)交趾改交州，治广信(今梧州)，十五年（210）治徙南海郡番禺。三国吴黄武五年(226)析交州东部置广州，辖南海、广兴、高凉、苍梧郡。隋初废郡，置11州；大业初废州复郡。唐于广州置岭南道。五代为南汉国(917-971)。北宋开宝四年(971)置广南路。至道三年(997)分广南东、西路。广东系广南东路简称。元广东道隶江西行中书省，而高、化、雷州属海北海南道隶湖广行中书省。明初于广州置广东行中书省。清称广东省，此名沿用至今。清顺治四年(1647)后设6道、94县。1925年广东省置广州、北江、东江、西江、南路、海南6行政区94县(州)。1949年广东省人民政府成立。1950年4月全省解放，设潮汕、兴梅、东江、珠江、西江、粤中、高雷、钦廉、北江9专区和海南行政区，广州为中央直辖市。1952年3月28日，将钦州专区4县及北海市划归广西，广西怀集县划归广东。1954年改广州市为省辖市。1955年5月31日广西省钦州专区及所属的4个县和北海市划归广东省，并更名为合浦专区。1955年7月9日，广西省的浦北县划归广东省合浦专区。1956年兴宁县的尧輋村划归江西省。1965年6月26日北海市及合浦、灵山两县和钦州僮族自治县、东兴各族自治县划归广西僮族自治区。1988年海南行政区从广东划出，置海南省。,广东省,https://dmfw.mca.gov.cn/,中国·国家地名信息库,明初置广东行中书省，始有广东之名。清称广东省，广东省名称正式使用。广东省古为百越地，粤同越，故广东省简称粤。,high,中国·国家地名信息库,official,57e271087190fc4bd748ce1da4d0f072056df63d4cac7f3af718f73fcd55a32f,2026-07-13T03:31:38.345408+00:00,2026-07-13T03:31:38.345408+00:00
dc56391d8f1694952a2b3352d83fb6e7cd664db4,384ed4cc76827bb1919f1dd6d6d468625f10d9da,14a37cb51a2bf6885992502099d4496d,广西壮族自治区,广西壮族自治区,,,省级行政区,广西以广南西路简称而得名。,广西是广南西路的简称。“广”的含义有两说。其一，岭南又称广南，即湖广以南，“广”是广阔的意思。其二，“广”源于广信。汉武帝元鼎六年（前111），置广信县，取“初开粤地宜广布恩信”之意命名，“广”是多的意思。“西”为地理位置，因地处南岭山脉以南地区的西部和广州以西，唐咸通三年（862年），分岭南道为东、西两道，广信以西为岭南西道，广信以东为岭南东道。宋端拱元年（988年）分广南路为广南东路和广南西路，广南西路简称“广西路”或“广西”，此为广西得名之始。,秦始皇统一岭南后，今广西地区（以下同）纳入中央王朝版图，大部地区分属桂林郡和象郡。汉初，属割据岭南的南越国。汉元鼎六年（前111年），南越国亡，汉设置了苍梧、郁林、合浦、零陵（郡治在今桂林市区）4郡。东汉除桂西北、桂东北外，其余地区属交州。三国时期分属孙吴的交、广、荆州和蜀汉的益州，有始安、临贺、苍梧、郁林、桂林、合浦6郡和合浦北部都尉。西晋末年为苍梧、合浦、郁林、晋兴、桂林、宁浦、始安、临贺9郡及零陵郡、西平郡的部分县。南朝宋、齐、梁、陈各代先后设置了越、桂、南定、安、南合、东宁、黄、龙、石、静、成等州。隋末，有始安、永平、郁林、宁越、合浦5郡。唐初，大部地区归桂、容、邕三管节制。咸通三年（862年），设岭南西道。宋端拱元年（988年），设广南西路。元至正二十三年（1363年），设广西行中书省。明洪武九年（1376年），撤销广西行中书省，置广西等处承宣布政使司。清康熙初年改为省。1912年，全省分为16个府、61个县、25个土州、4个土县、10个土司、3个长官司。此后省级以下二级政区或准政区历经道、民团区、行政监督区、行政督察区及市的设撤分合，至1949年9月，全省划分为15个行政督察区、1个市、99个县。中华人民共和国成立后至1950年，设南宁、柳州、桂林、梧州4个省辖市，南宁、武鸣、龙州、百色、宜山、柳州、桂林、平乐、梧州、郁林10个专区。此后政区几大的变动，一是钦廉（州）专区的划入划出，1951年，代管，1952年划入，1955年划出，1965年重新划入；二是桂西壮族自治区（州）的设撤，1952年设，1956年改区为州，1958年撤销；三是撤销广西省设置广西僮族自治区。1957年7月，全国人大一届四次会议决定撤销广西省设立广西僮族自治区。1958年，挂牌成立。1965年10月12日，根据国务院总理周恩来的提议，并征得壮族人民的同意，由国务院正式批准，“僮族”改为“壮族”字，广西僮族自治区更名为广西壮族自治区。此后广西二级政区及准政区建制分为3个阶段，第一阶段为1971年以前，主要为自治区辖市和专区建制，其间专区有部分调整，1971年辖4市8专区；第二阶段从1971年起至2002年，为自治区辖市和地区建制，自治区辖市从4个增至14个，地区从8个至全部撤并；第三阶段为2002年以后，作为准政区的地区全部退出历史舞台，全自治区分为14个地级市。2014年底，全区有14个设区市，111个县、市、区（其中：7个县级市，55个县，12个自治县，36个市辖区），1123个乡镇（其中：773个镇，291个乡，59个民族乡），120个街道。截至2023年底，全区有14个设区市，111个县、市、区（其中：10个县级市，48个县，12个自治县，41个市辖区），1118个乡镇（其中：806个镇，253个乡，59个民族乡），138个街道。,广西壮族自治区,https://dmfw.mca.gov.cn/,中国·国家地名信息库,广西以广南西路简称而得名。,high,中国·国家地名信息库,official,30423fef37bb9b53be1f67328edd3b991f6773ae9d042947278721f9f6b0a391,2026-07-13T03:31:50.719467+00:00,2026-07-13T03:31:50.719467+00:00
469a2a20325d25c93aa228c7cacf2edeedc46f92,8005138f9c8e0257d6236c900f3b0b9d180d536f,44fb3d962128090d3d57b1ea1c1095c3,海南省,海南省,,,省级行政区,1988年4月13日，七届全国人大第一次会议通过《关于设立海南省的决定》，撤销广东省海南行政区，设立海南省。,因海南岛而得名。,古称朱崖洲。秦始皇三十三年（前214），在南方设置桂林郡、南海郡和象郡，海南或属象郡地。西汉元封元年（前110），在海南岛设置珠崖郡（治今琼山）、儋耳郡（治今儋州），这是海南岛归入中国版图最早的两个行政地名。东汉建武十九年（43），复置珠崖县，属合浦郡，而省朱卢县。东汉明帝永平十年（67），又复置儋耳县，珠崖、儋耳2县均隶属于合浦郡，督于交州。南朝宋文帝元嘉八年（431），复立珠崖郡，治徐闻，不久又废。隋朝大业三年（607），改崖州为珠崖郡，后又析西南地区置临振郡。大业六年（610），又将原二郡改置为珠崖、儋耳、临振三郡。儋耳郡治所在义伦县（治今儋州市西北）。海南岛共设两郡（珠崖郡、临振郡）十县，珠崖郡治设在义伦县。后从珠崖郡中分出延德、宁远两县、设置临振郡。珠崖、临振两郡。唐武德五年（622），改儋耳郡为儋州。海南简称“琼”系来源于唐代的琼州，属岭南道。后属南汉。元世祖至元十五年（1278），在海南岛设置琼州路安抚司，隶属湖广等处行中书省。至元十七年(1290)，隶属海北海南道，道治在今雷州市。至元二十八年（1291），改为琼州路军民安抚司。元文宗天历二年（1329），又改为乾宁军民安抚司。不久，升定安县为南建州。元惠宗至正末年，海南改隶广西行中书省。明代海南设琼州府，领儋、万、崖三州10个县。明洪武九年（1378），海南岛属海南道。明代南海诸岛改归崖州管辖。1921年，废道制。1932年，当时行政区称为琼崖，直隶于广东省。1950年5月，海南岛宣告解放，成立海南军政委员会。1951年4月，成立广东省人民政府海南行政公署，驻琼山。1955年3月，改称广东省海南行政公署。此外在岛的南半部地区建立了海南黎族苗族自治州。1966年，海南行政公署停止行使职权。1968年4月，成立海南地区革命委员会，实行“一元化”领导。1976年10月，改称海南行政区革命委员会。1980年1月，改称海南行政区公署。1984年10月，撤销海南行政区公署，海南行政区人民政府正式宣告成立。1987年，撤销海南黎族苗族自治州。1988年4月13日，撤销广东省海南行政区，设立海南省和海南经济特区。2012年6月21日，国务院批准撤销西沙群岛、南沙群岛、中沙群岛办事处，建立地级三沙市，政府驻西沙永兴岛。,海南省,https://dmfw.mca.gov.cn/,中国·国家地名信息库,1988年4月13日，七届全国人大第一次会议通过《关于设立海南省的决定》，撤销广东省海南行政区，设立海南省。,high,中国·国家地名信息库,official,03a8527f91d32a0dd21b0e6546ac11c0354e028ab0cccc6c917e36a81299217c,2026-07-13T03:32:03.564577+00:00,2026-07-13T03:32:03.564577+00:00
7daff841b90484fae4955be5676d83131405f954,1d4b74fa292996255c97d157f6fe0214b92d9ff9,3b24b34df11e6a38bcb07d3552cc81be,重庆市,重庆市,,,省级行政区,简称“渝”，以境内嘉陵江旧称渝水而得名。1997年3月，经八届全国人大五次会议批准，设立重庆直辖市。,重庆得名由来，主要有如下说法:一是“双重喜庆”说。南宋孝宗淳熙十六年(1189)，赵惇于正月封为恭王，二月受内禅即帝位，遂将他潜藩之地恭州升格为重庆府。二是“二庆之间”说。认为“重庆”得名于它在地理位置上位于顺庆府和绍庆府“二庆”之间，故谓之“重庆”。明曹学佺《蜀中广记》认为“重庆者，以介乎顺绍二庆之间也”。三是反复颂祝自励说。典出《诗经·鲁颂·宫》:“俾尔昌而炽，俾尔寿而富……俾尔昌而大，俾尔耆而艾。”郑玄笺:“此庆僖公勇于用兵，讨有罪也……此又庆僖公勇于用兵，讨有罪也。中时鲁微弱，为邻国所侵削，今乃复其故。故喜而重庆之。”这里的“重庆”是反复颂祝鲁僖公，歌颂他让鲁国强大起来并祝他长寿幸福。宋光宗改恭州为重庆府，激励自己向鲁僖公学习，继承父亲未完成的事业，光复被金人占领的半壁河山，中兴宋室并祝孝宗长寿安康。四是潜藩升府制度的产物，是依照升府取美名的原则确定的，以表示“兹乃国家席庆福地，……真荫流光无极”。,周灭殷商后，周武王分封宗姬于巴，巴人在周王所封之地建国，国号巴，都重庆，这是重庆首次成为国都。周慎靓王五年(前316)，秦灭巴国，置巴郡。汉朝沿袭置巴郡。魏晋南北朝时期先后更名为荆州、益州、巴州、楚州。隋文帝开皇元年(581)，以渝水绕城，改楚州为渝州，重庆简称“渝”缘此。唐属山南西道。五代十国时名称基本上保持不变。北宋徽宗崇宁元年(1102)，渝州改名恭州，属夔州路。南宋孝宗淳熙十六年(1189)，赵惇升他潜藩之地恭州为重庆府。元为四川行中书省重庆路。元至正二十三年(1363)，明玉珍建大夏国，都重庆，这是重庆历史上第二次作为国都。明、清均为重庆府，重庆、夔州两府及附近的州厅的近三十个厅县，基本上构成了今日重庆直辖市区县一级的雏形。1911年，辛亥革命同盟会在此建立蜀军政府。1913年，废重庆府存巴县，属川东道。1921年，设重庆商埠督办。1922年，改为市政公所。1926年，改市政公所为重庆商埠督办公署。1927年，又改为市政厅。1929年，改巴县城区为市，重庆由此建市，改市政厅为市政府。抗日战争爆发后，1937年，国民政府由南京迁此，定重庆为“战时首都”，这是重庆历史上第三次作为国都。1939年，升格为直辖市。1940年，定为中华民国“陪都”。1949年，为西南军政委员会驻地，属西南军政委员会直辖市。1953年3月，改为中央直辖市。1954年，重庆市并入四川省，改为四川省辖市，川东地区另设有万县、涪陵、酉阳、永川等地区。1983年，成为计划单列市，同年永川地区并入重庆市。1996年，万县、涪陵、黔江等地市划入重庆市。1997年，设立重庆直辖市，形成现建制。,重庆市,https://dmfw.mca.gov.cn/,中国·国家地名信息库,简称“渝”，以境内嘉陵江旧称渝水而得名。1997年3月，经八届全国人大五次会议批准，设立重庆直辖市。,high,中国·国家地名信息库,official,b7ee4dff2e2039a998e2b158cf59b4e4e8af059637721d43ac9df10c407a7148,2026-07-13T03:32:14.237680+00:00,2026-07-13T03:32:14.237680+00:00
190da7d333e8b8d8d34c9f3d26bc9907d3f51d53,11c06b358a16ea34f4d7a0ea2f95c01d04f2a692,7f87f1791f893953a6f28175082f1fe4,四川省,四川省,,,省级行政区,北宋咸平四年(1001)，今境内分设益州、梓州、利州、夔州4路，总称四川路，四川之名自此始。元至元二十三年(1286)，置四川行省，是为四川置省之始。四川简称蜀。《华阳国志》载“蜀之为国，肇于人皇，至黄帝，为其子昌意娶蜀山氏之女，生子帝喾，封其支庶于蜀，世为侯伯，历夏、商、周，武王伐纣，蜀与焉。”商周时期古蜀族人在今成都平原建立建立四川地区最早的奴隶制国家——古蜀国，故名。,唐以益州为剑南道、梁州为山南道，后剑南道分西川道，东川道和山南西道，四川有“剑南三川”之称，是为“川”字来历。北宋咸平四年(1001)，分川峡路为益州路(后改成都府路)、梓州路(后改潼川府路)、利州路、夔州路，总称四川路，是为“四川”得名之始。,商周时期，四川盆地东部和西部分别建巴、蜀2个奴隶制国家。巴都江州(今重庆)，蜀都成都。战国时，周慎靓王五年(前316)，秦惠文王兼并巴蜀，置蜀郡和巴郡。汉初析蜀郡置广汉郡。武帝时增置沈黎、越雋、犍为、汶山等郡;置益州刺史部以监察郡县，四川之称“益州”始此。东汉末置巴西、巴东、涪陵等郡，县已增至70多。三国时为“蜀汉”政权中心。西晋时，北部和东部边缘分属梁州7郡、秦州阴平郡、荆州建平郡。西晋末，今四川东部为“成汉”政权所据，增置汉原郡，分汉嘉郡置沈黎郡;新置安州。南北朝时，今境为南朝宋、齐、梁和北朝西魏、北周所有。唐以益州为剑南道，梁州为山南道，后剑南道分西川道，东川道和山南西道，四川有“剑南三川”之称，是为“川”字来历。东南则属黔中道。凉山地区在中唐以后属南诏。西部山地民族聚居地区设有羁縻州县。五代为“前蜀”和“后蜀”所据，政区因循唐制少有改变。北宋乾德三年(965)，于剑南东、西两道置西川路。开宝六年(973)，改山南东、西2道置峡西路。太平兴国六年(981)，并西川路、峡西路为川峡路。咸平四年(1001)，又分川峡路为益州路(后改成都府路)、梓州路(后改潼川府路)、利州路、夔州路，总称四川路，是为“四川”得名之始。商蜀地（治今成都市）。战国时，秦国置巴蜀二郡。汉置益州刺史部。三国蜀汉以成都为都，置益州。西晋分属益州、梁州。东晋十六国属“成”国。南北朝历属宋、齐、梁、北周四国。随设蜀、巴、泸州、眉山、汶山、巴西等郡。唐置益、渝、泸、嘉、茂、巴等州，分属剑南道、山南西道、山南东道、黔中道。五代十国为后蜀。宋并西川路和峽西路为川峽路，又分益州、梓州、利州、夔州4路，总称四川路。元中统三年（1262），建置四川行中书省，省会成都。明置四川布政使司。晚清实行省-道-府（直隶州、直隶厅）-县的四级政区制，划四川省为7道，辖15府（9直隶州、4直隶厅），共13州、9属厅、123县及56宣慰司等。民国初，全省分为川西、上川南、下川南、川北、川东和边东、边西七道。旋析边东、边西二道，置川边特别区；其余五道改置为西川、东川、建昌、永宁、嘉陵5道，共辖146县。1928年，废道设成都、重庆2市。中国工农红军第四方面军于1932年12月入川，至1935年4月以通江、南江、巴中为中心在四川东北和陕西南部建置川陕省革命根据地，先后建置2道1市23县（含陕南县）1特别区，成为当时全国第二大革命根据地。1935年夏，川政统一，划全川为成都、重庆2市18行政督察区及西康行政督察区。1939年，析西康和第十七、十八两行政督察区建置西康省。同年置自贡市为省辖市，改重庆市为直辖市（1940年定为“陪都”）。1949年底，重庆市为西南军政委员会驻地，成为西南地区的政治中心。1950年，撤销四川省，分设川西、川东、川北、川南四个行署区和重庆市。包括西康省，共辖19专区、1自治区、3市、193县（市）、20区、4设治局。同年，将康属地区建置西康省藏族自治区。1952年，撤销西南军政委员会和四个行署区，恢复四川省建制；分西昌专区建置凉山彝族自治区。1953年，改茂县专区建置四川省藏族自治区。1954年，改重庆直辖市为省辖市。1955年，改西康省藏族自治区为西康省藏族自治州，改凉山彝族自治区为凉山彝族自治州。同年10月，撤销西康省，将金沙江以东所属各专、州、市、县并入四川省；11月，改四川省藏族自治区为阿坝藏族自治州，改西康省藏族自治州为甘孜藏族自治州。1965年，置渡口市。1978年，撤销西昌地区，所辖8县划归凉山彝族自治州，余二县（米易、盐边）划归渡口市。1979年，增置金口河、华云、白沙三工农区（县级）；11月，乐山县改市，绵阳县并入绵阳市。1981年7月，江津地区改称永川地区。1983年3月，撤销温江地区，辖县入成都市；撤销永川地区，辖县入重庆市。同年析成都市、绵阳地区部分县置德阳市；升泸州市为地级市，划宜宾三县属之。1985年，撤销内江、乐山二地区，改置内江、乐山市为地级市，分辖原二地区各县；撤销绵阳地区、广元县、遂宁县，分置绵阳、广元、遂宁三个地级市，将原绵阳地区的５个县分别划入广元、遂宁二市。撤销华云工农区，设立华蓥市（县级）。1987年，渡口市易名攀枝花市，改阿坝藏族自治州为阿坝藏族羌族自治州。1988年，分涪陵地区置黔江地区。江油县改置江油市，广汉县改置广汉市，灌县改置都江堰市。1989年，内江县改置东兴区，广元市置元坝、朝天区。1990年，撤销成都市东城区、西城区、金牛区，分设锦江、青羊、金牛、武侯、成华五区。峨眉县改置峨眉山市。1991年，阆中县改市。1992年，永川、江津、合川3县改市。万县地区改为地级万县市。绵阳市中区改设为涪城区、游仙区。1993年，资阳县改市；析南充、达县地区，设广安地区，南充地区改为地级南充市；设巴中地区，巴中县改市；万源县和白沙工农区合并改为万源市，达县地区改称达川地区；彭县改为彭州市。1994年，简阳、南川、邛崃3县改市，崇庆县改为崇州市。1995年，什邡县改市；涪陵地区改为地级涪陵市。1996年，析德阳市中区分设旌阳区、罗江县；宜宾地区改为地级宜宾市，原县级宜宾市改为翠屏区；绵竹县改市。1997年，析重庆、万县、涪陵3市和黔江地区设中央直辖的重庆市，析乐山市设置眉山地区，析蓬溪县设大英县，南坪县改称九寨沟县。1998年，析内江市设置资阳地区，广安地区改为地级广安市。1999年，达川地区改为地级达州市；原县级达川市改为通川区。2000年，巴中、雅安、眉山、资阳4地区分别改为地级市；原县级巴中市改为巴州区，原县级雅安市改为雨城区，原县级眉山市改为东坡区，原县级资阳市改为雁江区。2001年，新都县改为成都市新都区。2002年，温江县改为成都市温江区。2003年，北川县改置北川羌族自治县；撤销遂宁市市中区分置船山区和安居区。2007年，改广元市市中区为利州区。2011年，撤销南溪县设立宜宾市南溪区。2012年设立雅安市名山区。2013年，析巴州区设巴中市恩阳区；析广安区设广安市前锋区；广元市元坝区易名广元市昭化区；撤销达县设立达州市达川区。2014年，撤销彭山县设立眉山市彭山区。2015年，撤销康定县设立康定市；撤销马尔康县设立马尔康市；撤销双流县设立成都市双流区。2016年，撤销安县设立绵阳市安州区；将资阳市代管的县级简阳市改由成都代管；撤销郫县设立成都市郫都区。2017年，撤销隆昌县设立隆昌市；撤销罗江县设立德阳市罗江区。2018年，撤销宜宾县设立宜宾市叙州区，以原宜宾县（不含孔滩镇、王场镇、白花镇、永兴镇、双谊镇）和翠屏区南岸街道、赵场街道、南广镇行政区域为叙州区的行政区域，将原宜宾县的孔滩镇、王场镇、白花镇、永兴镇、双谊镇划归宜宾市翠屏区管辖。2019年，撤销射洪县设立射洪市。,四川省,https://dmfw.mca.gov.cn/,中国·国家地名信息库,北宋咸平四年(1001)，今境内分设益州、梓州、利州、夔州4路，总称四川路，四川之名自此始。元至元二十三年(1286)，置四川行省，是为四川置省之始。四川简称蜀。《华阳国志》载“蜀之为国，肇于人皇，至黄帝，为其子昌意娶蜀山氏之女，生子帝喾，封其支庶于蜀，世为侯伯，历夏、商、周，武王伐纣，蜀与焉。”商周时期古蜀族人在今成都平原建立建立四川地区最早的奴隶制国家—,high,中国·国家地名信息库,official,4a88ecdc28ce5f96414ee1e3b939c26f9a3fdbb3c46807348c5e22c67fa6aa6e,2026-07-13T03:32:27.807606+00:00,2026-07-13T03:32:27.807606+00:00
6d4b9459dfc8759a79540938f78c74922f694e80,0dbb0eb97aaee096433bc1037bd9096bc9969b86,a638e82858620cf90626bf0e1e9b9a1c,贵州省,贵州省,,,省级行政区,宋廷敕书中有“唯尔贵州，远在要荒”等语，贵州由此得名。,北宋开宝七年（947），矩州普贵入朝，宋廷敕书中有“唯尔贵州，远在要荒”等语，具体含义无准确考证定论。,春秋战国时东部为楚国黔中地，西部为夜郎等君长国。汉元鼎六年(前111)，置牂柯郡，治故且兰(今福泉县)。东境属荆州武陵郡。三国时分属吴国荆州和蜀国益州。东晋咸康四年(338)，西境属安州。八年，改隶宁州。南朝梁为东爨管地。北周时东境分属业州和黔州。隋开皇初复置牂柯郡，治牂柯县(今瓮安县境)，十八年(598)，置充州(今石阡县境)。唐分属黔中、剑南、岭南3道。天宝中，西部隶属南诏国，为爨氏管地。会昌二年(842)，建罗殿国(今贞丰)。五代隶属于楚。北宋开宝七年(974)，矩州普贵入朝，宋廷敕书中有“唯尔贵州，远在要荒”等语，贵州由此得名。宣和元年(1119)，改矩州为贵州。元分属湖广、四川、云南3行中书省。明永乐十一年(1413)，析置贵州等处承宣布政使司，辖1宣慰司、8府、3州。万历二十九年(1601)，平越府划入。清康熙年间改贵州等处承宣布政使司为贵州省，是为贵州建省之始。清代几次进行划拨调整，先后将云南省乌撒府(威宁府)，四川省遵义府，湖广的镇远、偏桥、平溪、清浪、五开、铜鼓6卫及天柱县，广西的荔波县及西北部南盘江、红水河以北地区划入贵州；又将贵州的永宁县划归四川，贵州疆界至此基本确定。1949年贵州省人民政府成立，全省分置1市、8专区、79县。经多次变动，现辖6地级市，3自治州，成今境。,贵州省,https://dmfw.mca.gov.cn/,中国·国家地名信息库,宋廷敕书中有“唯尔贵州，远在要荒”等语，贵州由此得名。,high,中国·国家地名信息库,official,cbcb4b939c92795ed2845f56576e7f563c8562072bfce1930d55d16e13028945,2026-07-13T03:32:41.539651+00:00,2026-07-13T03:32:41.539651+00:00
0ede2760d6238395b28d06ca79976d6288d4feba,3c88e3ecec2f48c5b40f1a9dc5c920e952ec341c,b69c75d79064aa9245d9677db9072a4e,云南省,云南省,,,省级行政区,一说因地理位置得名；二说因自然现象得名；三说因自然环境得名。,一说因在云岭之南而得名；二说西汉元狩年间“彩云现南中，云南名始此”；三说云南县有山特高大，与云气相接，故称云南。,云南一词起源于西汉。战国秦汉时期云南为滇国统治。秦始皇统一全国后曾派常頞带兵进入云南。《史记·西南夷列传》：“秦时，常頞略通五尺道，诸此国颇置吏焉。”常頞开通五尺道，在云南设郡置吏的情况已无法详考。汉武帝元封二年（前109），以兵临滇，滇王“举国降，请置吏入朝”，汉武帝在滇王统治区设益州郡，下辖二十四县，云南县为二十四县之一，治所在今祥云县的云南驿镇。云南县名从西汉一直延续到1918年，是云南保存最久的县名之一。东汉从益州郡中分出永昌郡，统治哀牢（今保山地区）、昆明（今洱海区域）地区，下辖八县，云南县为八县之一。蜀汉建兴年间，诸葛亮南征，据《三国志·蜀志·后主传》:“建兴三年（225）春三月，丞相亮南征四郡，四郡皆平，改益州郡为建宁郡，分建宁永昌郡为云南郡”。新增设的云南郡治所在弄栋（今大姚、姚安地区），下辖弄栋、云南等七县。云南既是郡名也是县名。西晋南北朝时期云南郡管辖的范围常有变动，但云南郡和云南县的名称一直得以保存。唐宋时云南一词逐渐演变为区域性的大地名。唐开元二十六年（738），唐朝封南诏王皮罗阁为云南王。贞元十一年（795），唐王朝设立云南安抚司，以剑南节度使兼任云南安抚使。北宋中央政府册封大理国王为云南八国郡王。南宋政和七年（1117），封大理国王为“云南节度使大理国王”。云南已成为全滇的称呼。元至元十二年(1275)，设立云南行中书省，并将全省的政治中心由大理迁往中庆(昆明），云南作为省名一直沿用至今。明置云南承宣布政使司，治云南府，辖19府2御夷府24州2御夷州130县，在边疆地区设宣慰司、宣抚司和长官司。清初沿袭明制，顺治六年（1649），设云南省，皆同云南府治昆明。雍正年间乌蒙、镇雄、东川从四川划归云南，后逐渐形成省、道、府（厅、州）、县体制。清末置4巡道4守道，辖14府、4直隶州、5直隶厅。民国初期行政区划沿袭清制，后逐渐变更。1946年后，全省设13个行政督察区、1个省辖区和1个省辖市昆明，共112县16设治局2督办区8市辖区。1949年12月9日，云南和平解放。1950年10月，云南省人民政府成立，接受西南军政委员会领导。同年设12专区1地级市2县级市118县12设治区1区8市辖区。1954年6月，西南军政委员会撤销，云南省改由中央直接领导。1958年全省调整为6专区8自治州2地级市，县级政区110个。1963年，析德宏州东部复置保山专区，全省共设7专区8自治州2地级市。1970年，改专区为地区。1993年，全省设有17个地区、自治州、地级市，10县级市、84县、29自治县、4市辖区。1997年至2004年，曲靖、玉溪、昭通、保山、丽江、普洱、临沧7个地区撤地设市。1999年2月，撤销地级东川市，成立县级东川区划归昆明市。2020年，全省辖8个少数民族自治州、8个地级市；129个县级行政区划单位，17个市辖区、17个县级市、66个县、29个自治县。,云南省,https://dmfw.mca.gov.cn/,中国·国家地名信息库,一说因地理位置得名；二说因自然现象得名；三说因自然环境得名。,high,中国·国家地名信息库,official,af9ab14b76770f50053c4cd4d2f0d07db53b5f0419fec6778e020d587fb83ad9,2026-07-13T03:32:56.316741+00:00,2026-07-13T03:32:56.316741+00:00
01454deac9f6ac0fa9ee5f84b19106f2036ccd47,67f2ffb9c5d286a9e4b959806eb5df03d55b8ed9,b590e1d3242dd4e422544e20b78ac0e7,西藏自治区,西藏自治区,,,省级行政区,西藏有“发（bō）羌”的古称。对于新石器时代结束到吐蕃王朝兴起前这一历史时期中，古代氐羌族系的部落向西藏高原的迁徙活动，汉文史籍已有相当明确的记载。《后汉书·西羌传》记载：“至爰剑曾孙忍时，秦献公（前384—前362）初立，欲复穆公之迹，兵临渭首，灭狄䝠戎。忍季父印畏秦之威，将其种人附落而南，出赐支河曲西数千里，与众羌绝远，不复交通。其后子孙分别，各种为种任随所之。”爰剑是史书记载种最早居今青海境内的羌人领袖。赐支河即析支河，系指黄河发源处。“出赐支河曲西数千里”，其地应在今青海西部至西藏东北部一带。这支于前4世纪前半叶因“畏秦之威”而南迁进入西藏高原的羌人部落，在后来的汉文史籍中被称为“发（bō）羌”。“羌”是由“羊人”的上下结构逐渐演变过来的，意为放羊的人（资料来源于《西藏地方古代史》）。西藏有“吐蕃（bō）”的古称。西藏在唐、宋时称“吐蕃”，藏人自称为“蕃（bō）”。“吐蕃”一词最早见于新唐书《吐蕃传》。“蕃”一方面代表地方名字，另一方面也代表一个民族的名称；“蕃”亦写为“博”（藏语称西藏为“博”，藏族人自称也是“博”）。唐代，吐蕃王朝把现今西藏地方称为“蕃隅”（“隅”在藏语中表示地方），吐蕃统治下的整个青藏高原称为“蕃布青”，吐蕃统治下的人民称为“蕃巴”（同“博巴”，藏语中“巴”意指某个地方的人）。《大唐西域记》记载为“吐蕃”或“吐番”；“蕃”“番”在汉、唐之际的西北方言中读音同“播”，即是藏语的音译。另一说法为，“吐蕃”一词本是对七世纪兴起的统一青藏高原的大部分的吐蕃王朝的称呼，但关于其的含义和来历更是学说众多，莫衷一是。在汉文史料中，多认为其本南凉秃发（bó）氏之后，因曾用“秃发（bó）”为国号，语讹而称吐蕃。如《旧唐书•吐蕃传》：“吐蕃……或云南凉秃发（bó）利鹿孤之后也。利鹿孤有子曰樊尼，及利鹿孤卒，樊尼尚幼，弟傉檀嗣位，以樊尼为安西将军。后魏神瑞元年（414），傉檀为西秦乞佛炽盘所灭，樊尼招集余众，以投沮渠蒙逊，蒙逊以为临松太守。及蒙逊灭，樊尼乃率众西奔，济黄河，逾积石，于羌中建国，开地千里。樊尼威惠夙著，为群羌所怀，皆抚以恩信，以秃发（bó）为国号，语讹谓之吐蕃，其后子孙繁昌，又侵伐不息，土宇渐广。”另《新唐书•吐蕃传》：“吐蕃本西羌属……蕃、发声近，故其子孙曰吐蕃，而姓勃窣野。或曰南凉秃发（bó）利鹿孤之后。二子，曰樊尼，曰傉檀。傉檀嗣，为乞佛炽盘所灭。樊尼挈残部臣沮渠蒙逊，以为临松太守。蒙逊灭，樊尼率兵西济河，逾积石，遂抚有群羌云。”这段史料是否属实，尚无法确定。但“吐蕃”一词是否即“秃发（bó）”的讹传，还有待证实。而“秃发（bó）”一词，据白鸟库吉所考，为鲜卑语“被”之发音（见日本《史学杂志》第二十二编第五号之《秃发氏考》）。但白氏在《托跋氏考》认为“秃发之名称，虽与蒙古语（即当时之鲜卑语）dabal在声音上类似，虽无可疑，然而秃发之本名，果系dabal之同语，尚可疑也。”（见日本《史学杂志》第二十二编第十一、十二号）因建立北魏的拓跋珪亦为鲜卑族拓跋部，与南凉秃发氏同族，而“拓跋”与“秃发”发音又相似，故白氏又怀疑其另有含义，另据清陈毅《魏书官氏志疏证》托拔条云：“‘秃发’语讹，谓之吐蕃。吐字土声，是秃字北音与拓音为土正同。”钱大昕《晋书考异》云：秃髮之先，与魏同出；秃髮即拓跋之转，无二义也。古读轻唇音如重唇，故赫连佛佛即勃勃。髮从犮得声，与拔音正相近。伯起书尊魏抑凉，故别而二之……又《源贺传》称：贺为秃髮傉檀子；世祖自谓与贺同源。《唐书宰相世系表•源氏》下，亦称秃髮傉檀为魏圣武帝长子足弧七世孙。钱氏之说，不为孤证矣。西藏有“乌斯藏”的古称。宋元时期，“吐蕃”与“乌斯藏”二称同时使用，有时还写作“乌思藏”。西藏明朝时称“乌斯藏”。“乌斯”原意为“中心”，指以拉萨为中心的前藏；“藏”原意为“洁净”，即以日喀则为中心的后藏。“乌斯藏”在清代后各史籍中正式称为“卫藏”。1247年，随着“凉州会谈”的成功举行，乌斯藏正式纳入中国的版图，元中央政府行使管理权限。元朝设乌思藏纳里速古鲁孙等三路宣慰使司都元帅府（亦称乌思藏宣慰司），管辖乌思藏（即吐蕃王朝时的“卫藏四茹”）及其以西的阿里地区，也即是今西藏自治区所辖区域的大部。明代的文献中常见“乌斯藏大宝法王”“乌斯藏阐化王”等，可见明代文献中的“乌斯藏”是有明确范围的地域名称。西藏还有“唐古特”“图伯特”的古称。明朝后期，西藏地方由蒙古人统治，蒙语中将“吐蕃”称为“图伯特”或“唐古特”。“古特唐”，一译唐古忒。元朝时蒙古人称党项人及其所建立的西夏政权为唐兀或唐兀惕，后渐用以泛称青藏地区及当地藏族诸部。清初曾沿用此称，作唐古特。今蒙古语仍称青藏地区及当地藏族为唐古特。元代《马可波罗行纪》中第一卷第五十七章对唐古特有专门记载。“在这个沙漠中行走三十天的路程以后，便到达一个叫做沙州（即我们所说的敦煌）的城市。它位于东方与东北方之间，服从于大汗的统治，整个大州的名字叫做唐古忒”。“图伯特”又写作“土伯特”。该称呼来自于突厥人和蒙古人对藏族的称呼。《清史稿•藩部•西藏传》载：“初﹐西藏俗称其国曰图伯特。”而任乃强在《康藏名称及境域之变迁》中则认为，这些中外译名“皆‘吐蕃’之转音也”。章炳麟《訄书•序种姓上》：“其旁行者自衞藏，衞藏者昔言图伯特”。清康熙年间，满清上层采取折中的方法，采用汉语中的“西”（因地处西陲）和藏语“乌斯藏”中的“藏”，把现在西藏地方正式称为“西藏”。汉语中的“西藏”一词是指中华人民共和国的西藏自治区。中华人民共和国成立以后，1965年，西藏自治区正式建立，西藏一词即成为西藏自治区的简称，单字简称为“藏”。浙江农林大学文化学院研究员李勤璞在《“西藏”地名的起源》一文中提出，西藏是我国一个省级行政区，汉语地名“西藏”的起源和固定，历经明清两个朝代，内涵逐步确定。将“西藏”汉名使用记录提前到明朝，是柳升祺、常凤玄两位学者的贡献。“西藏”一词，在万历三年《明神宗实录》所录朝章第一次出现，已经是专名了，不是误写，更不是次要之事。通过对明朝诸多汉文史料的梳理，特别是明人对川甘青毗连地区蒙古和藏僧活动的连贯报道中，可以得出：“西藏”意谓“西海之西的乌斯藏”；“藏”乃乌斯藏的简称，“西”指西海之西，乃是以西海为地理空间的中心，而非立足京师或者内地得到的方位感。在明朝中枢张居正笔下，“藏”指乌斯藏，已经是稳定的名称了；但他谈到乌斯藏地区的时候，倾向于正式场合（奏疏）使用“乌斯藏”，同僚书翰用“藏”字，后者是乌斯藏的简称。再看郑洛及其同僚笔下，意指乌斯藏地区的“藏”“西藏”字眼早已固定下来，频繁使用；“乌思”只见郑洛个人使用，但当时读者亦能准确理解。《明实录》“藏”“乌斯藏”并用，所指一致。但是，他们又认为明代其他官书似未采用，而且地望也不明确，与清代的行政区域不能肯定是一回事。实际上，对于明代文献中出现的“西藏”一词，有的学者认为可能是误写。如陈庆英承认是“西藏”一词在汉书中第一次出现，但认为是“西海”的误书；还谓明代汉文文献中仅此一见，不能看成是“西藏”地名最早在明代出现的实例，因此与后来所说的“西藏”一词并无关系。因而，他们仍然认为清朝康熙时代具体经营西藏地方，逐渐使用“西藏”地名，《清实录》康熙二年五月乙未，“西藏班禅胡土克图故，遣官致祭”一语可能是西藏一称在清代文献的最早记载。到康熙十六年御制《平定西藏碑文》使西藏作为政治区划的地域确立起来，其中有“爰记斯文，立石西藏”一语，这就正式把以拉萨为主的卫藏地区命名为“西藏”。,“西”为汉语，表示在中国的方位;“藏”是藏语，是“卫藏”，“乌斯藏”的略写。,约4世纪，在西藏的东北部形成苏毗（孙波），中部形成雅砻悉补野，西部形成象雄三大部落联盟。其中，苏毗部落的区域中心在今青海玉树及川西北一带，统辖区域包括今西藏东北部昌都以北、那曲以东地方。象雄部落的区域中心在西藏西部札达、普兰一带，统辖包括克什米尔、拉达克、西藏日喀则以西、那曲以西的区域。尤其是中部的雅砻悉补野部落，到6世纪成为经济发展、实力强盛的部落。其第31代赞普囊日伦赞时期开始对外扩展，武力征服邻邦，实力扩展到今拉萨河流域和雅鲁藏布江中下游地区，为建立统一的吐蕃政权奠定了基础。唐朝时期，雅砻悉补野的第32代赞普松赞干布统一西藏诸部，定都逻莎（今拉萨）。设“三尚四论”（舅、臣），建立起吐蕃政权。将吐蕃本土划分为卫茹、约茹、茹拉、叶茹、松巴茹（或“苏毗茹”）和象雄赤迪六个行政区域。每个行政区域都设有“茹本”以及16个等级的地方官员，下设“赤迪”“东迪”等地方军政组织管理机构，形成完整的管理体制。9世纪中叶，吐蕃崩溃，西藏地方陷入长达四百余年的分裂割据时期。分裂割据后期，以往的赞普后裔和旧贵族王党之后裔成为或大或小的地方首领，整个卫、藏、康地区没有统一的政权和管理体系。同期，纷繁的宗教活动遍及整个吐蕃，宗教首领和地方首领相互渗透，形成了一些类似于行政机构的组织和政治力量。元朝中央政府对西藏全面施政，将西藏正式归入大元帝国的版图，称“吐蕃”“乌斯藏”。在西藏本土设立“乌思藏纳里速古鲁孙等三路宣慰使司都元帅府”，分辖乌斯（今拉萨、山南、林芝市辖区）、藏（今日喀则）、纳里速（今阿里地区）。宣慰使司都元帅府沿袭之前的建置，下设置13个万户府。并在西藏建立萨迦地方政权，由萨迦“本钦”统领十三万户。明朝在西藏设置乌思藏、朵甘两个卫（相当于元朝的州），隶属西安行都指挥使司（治所在河州，今甘肃省临夏），后又设俄里思军民元帅府，管辖今阿里地区。西藏地方帕木竹巴政权设立13个大宗和众多谿卡，形成了具有西藏地方特点的政区建置。清朝时期把藏区康（卫喀木）、卫、藏、阿里四部统称为西藏，至此成为正式的政区名称。今那曲、昌都北部的各部落统称三十九族，直属驻藏大臣管辖。此时西藏的基层政区单位是宗，大致相当于县，但规模很小。一些贵族、寺庙的庄园领地称为“谿卡”，后藏扎什伦布寺附近的几个宗，由班禅直接管理。中华民国时期，西藏辖阿里噶本（下辖11个宗、谿），洛喀基巧（山南总管，下辖25个宗、谿），卫基（拉萨总管，下辖18个宗、谿），朵麦基巧（昌都总管，下辖22个宗、谿），羌基（也称霍基，藏北总管，辖8个宗），藏基（后藏总管，下辖21个宗、谿），工基（塔工总管，下辖9个宗谿），卓木基巧（亚东总管）；此外西藏地方政府还曾在协格尔、波沃、门达旺（后被英属印度非法占领）等地设立过“基巧”。1951年，签订了《中央人民政府与西藏地方政府和平解放西藏办法的协议》，西藏实现和平解放。1954年，西藏由昌都地区人民解放委员会、西藏地方政府、班禅堪布会议厅三个均受中央人民政府直接领导的政区组成。西藏地方政府辖卫区总管、羌基、洛基、塔工基巧（塔工总管）、阿里总管、藏区总管（藏区基巧）6个基巧，103个宗谿。班禅堪布会议厅辖5个宗和相当于宗一级的5个谿，63个谿卡。昌都地区人民解放委员会辖28个宗以及与西藏地方政府共同管理的7个宗。1956年，西藏辖拉萨（辖32个宗谿）、黑河（辖8个宗谿）、昌都（辖28个宗谿）、日喀则（辖24个宗谿）、山南（辖25个宗谿）、江孜（辖11个宗谿）、阿里（辖8个宗谿）、塔工（辖11个宗谿）8个基巧办事处。1959年，西藏自治区筹备委员会正式成立，解散西藏地方政府，1960年1月，将西藏原有的83个宗和64个相当于宗级的独立谿卡合并划分为拉萨市和日喀则、山南、昌都、黑河、江孜、林芝（原塔工）、阿里等1地级市、7专区，72县。1961年9月，班禅堪布会议厅委员会的建制宣告结束。1964年，西藏自治区撤销林芝、江孜专区。全区合并为拉萨市和日喀则、山南、昌都、黑河、阿里专区，辖1地级市、5专区，69县区。1965年9月，西藏自治区成立，调整为拉萨市和那曲、昌都、山南、日喀则、阿里专区，辖1地级市、5专区，71县区。1969年将西藏阿里专区交由新疆维吾尔族自治区代管，行政区划仍属西藏。1970年，专区改为地区。1970年至1971年，西藏自治区辖1地级市、5地区（阿里地区为新疆代管），71县区。1979年，阿里地区归西藏自治区管辖。1983年，辖1地级市、7地区，78县区。1986年，辖1地级市、6地区、1县级市，77县区。2000年，辖1地级市、6地区，73县（市、区）。2014年，辖3地级市、4地区，74县区。截至2018年，辖6市1地，74县区。,西藏自治区,https://dmfw.mca.gov.cn/,中国·国家地名信息库,西藏有“发（bō）羌”的古称。对于新石器时代结束到吐蕃王朝兴起前这一历史时期中，古代氐羌族系的部落向西藏高原的迁徙活动，汉文史籍已有相当明确的记载。《后汉书·西羌传》记载：“至爰剑曾孙忍时，秦献公（前384—前362）初立，欲复穆公之迹，兵临渭首，灭狄䝠戎。忍季父印畏秦之威，将其种人附落而南，出赐支河曲西数千里，与众羌绝远，不复交通。其后子孙分别，各种为种任,high,中国·国家地名信息库,official,3cac5c743ea9655caee3650e3a911af40920c018d977dc0288d2fa834490d0f0,2026-07-13T03:33:10.799335+00:00,2026-07-13T03:33:10.799335+00:00
9cd46144bdebd07c10c10ff69417494bb0f7c674,ea9a049ee955bb2c72a0e630b53c7cbdf3d3863d,cedc9bebacd02ffdf46425d0d7529986,陕西省,陕西省,,,省级行政区,以政区的地理位置命名。,成王时周公、召公以陕陌(今河南省陕州区西南)分治，召公所辖陕陌以西地称陕西，陕西名始此。,春秋战国时关中大部为秦国地，公元前677年都雍城(今凤翔县城南)。秦以陕西地统一中国，都咸阳，故陕西又简称秦，设内史、上郡、汉中郡。项羽入关，分关中为雍、塞2国，改上郡为翟国，合称“三秦”。西汉都长安(今西安城区西北)，于关中置京兆尹、左冯翊、右扶风，合称“三辅”。陕北置上郡、西河郡。陕南置汉中郡。西晋置雍、梁、司3州。十六国前赵、前秦、后秦均都长安，大夏国都统万城(今靖边县红墩界镇白城子)。南朝与北朝大体以秦岭为界，陕南及商洛南部为南朝地，曾置梁、南秦2州。北魏初置雍州，后析置洛、岐、华、夏、北雍、东雍、东秦、南岐、东夏、北华等州，正始初克汉中后又析置梁、东益、东梁等州，共14州。西魏都长安，陕境置21州。北周都长安，陕境置23州。隋都大兴城(今西安)，置京兆、冯翊、扶风、上洛、上郡、延安、朔方、雕阴、盐川、西城、汉川、顺政、河池13郡。唐都长安(今西安)，先后设关内、山南、京畿、山南西、山南东5道，京兆、凤翔、兴元3府，华、同、商、陇、邠、鄜、坊、丹、延、绥、银、夏、麟、胜、洋、凤、兴、金等18州。北宋至道三年(997)，于长安置陕西路。熙宁五年(1072)，更陕西路为永兴军路，并析置秦凤、利州2路。金在陕北、关中设鄜延、京兆府、凤翔3路。南宋在陕南置利州东、西2路。蒙古中统三年(1262)，于长安设陕西四川行中书省，简称陕西行省或陕西省，省名由此肇始，地跨今陕、甘、川、青、宁和内蒙古6省区。元至元十八年(1281)，析出甘州路等地另设甘肃等处行中书省。二十三年，又析出成都、广元、顺政、重庆等地设四川等处行中书省；其余兰州以东的今陕、甘、宁及内蒙古南部地更名陕西等处行中书省，仍简称陕西行省或陕西省，所辖奉元、延安、兴元3路及凤翔府、邠州、陇州等在今境。明洪武九年(1376)，于长安置陕西等处承宣布政使司，辖境比元代又有扩大，所辖西安、凤翔、汉中、延安4府及榆林卫在今境。清康熙六年(1667)，析西境设巩昌承宣布政使司(次年改为甘肃承宣布政使司)，今境单独设省，置陕西承宣布政使司，治西安府。辖西乾鄜、潼商、凤邠、延榆绥和陕安5道，设有西安、同州、凤翔、榆林、延安、汉中、兴安7府、5直隶州、8厅和5散州。1912年，设陕西省。1935年11月，于瓦窑堡成立中华苏维埃共和国中央政府西北办事处，辖陕北、陕甘2省和关中、神府2特区。1936年8月，增设陕甘宁省。1937年9月，在延安成立陕甘宁边区。1949年5月，陕甘宁边区驻地迁西安。1950年1月10日，陕西省人民政府成立，19日，在西安设立西北军政委员会，同时撤销陕甘宁边区。3月27日，两郧专区划归湖北省后成今境。,陕西省,https://dmfw.mca.gov.cn/,中国·国家地名信息库,以政区的地理位置命名。,high,中国·国家地名信息库,official,b94aaa59f026d148f08a811da723296fa6fac78bceb974bd23201ca57ca51a91,2026-07-13T03:33:25.981185+00:00,2026-07-13T03:33:25.981185+00:00
b763bc55b4baa44bb7f79111b7d367f9e81d612f,f4b39d57ad041fe69bcaf739838e09a8ee0f5f98,d1c8e384ef2ee80524501f164277c259,甘肃省,甘肃省,,,省级行政区,西夏统治河西时设甘肃军司，为甘肃命名之始。元至元十八年（1281）设甘肃等处行中书省，简称甘肃行省，是中国历史上首次出现甘肃省的行政区划。,取原甘州（今张掖）、肃州（今酒泉）二地的首字而成。,先秦时期，中国分为九州，甘肃省境大部属雍、凉二州，旧称“雍凉之地”。商代，居于泾河、渭河流域尚处于氏族部落阶段的周朝的祖先周部落，改善耕作，开拓了中国最早的农业。周文王灭商以前，战败了西戎混夷，把境域扩展到密（今灵台县）。这一时期，甘肃境内有羌方、共（今泾川县北）、密（今灵台县西）等方国部落。西周时，秦人的祖先在省境东部，即天水地区定居下来，开始了由游牧经济向农业经济的过渡，而游牧生活仍占居主要的地位。周庄王九年（前688），秦国在已被征服的邽戎、冀戎地区，设邽县、冀县，这是中国历史上建立最早的两个县。战国时期秦国的疆域已达今甘肃的东南部。秦始皇二十六年（前221），秦统一后，甘肃仍属于陇西郡和北地郡。西汉元狩二年（前121），在陇西郡和北地郡基础上，增设武威郡和酒泉郡，统辖甘肃西北部。元鼎三年（前114），增置天水郡、安定郡、武都郡。元鼎六年，分武威郡置张掖郡，析酒泉郡置敦煌郡。始元六年（前81），从天水、陇西、张掖3郡各分出2个县建立金城郡。自此，甘肃共设置10个郡。东汉时行政区划大体上是州、郡、县三级制，沿袭西汉建制，增设张掖属国和张掖居延属国两个少数民族管理区，隶属凉州。三国时期沿袭东汉建制。西晋时期隶属凉州、秦州和雍州。南北朝时期甘肃先后为北魏、西魏、北周的统治地区。隋统一后，裁并郡县，省内共设16郡，76县。唐代改郡为道，省境分属关内道、陇右道和山南道，共辖22州。北宋年间西夏统治河西时设有甘肃军司。这是最早出现的甘肃之名。元代设甘肃行中书省，辖黄河以西七路二州，黄河以东地区为陕西兴远路。明代改省设司，辖地大部继承元朝。清代设陕西右布政司，后改甘肃布政司，行政中心从巩昌迁至兰州市。光绪十年（1884），分出新疆。1912年，辖今甘肃、内蒙古西部、青海北部和东部一些地方、外蒙古西南边、宁夏。1929年，分出青海和宁夏两省区。1949年，成立甘肃行政公署。1950年1月8日，甘肃省人民政府正式成立，辖今甘肃、内蒙古西部。1965年，共有12个专区（自治州、市）、81个县，32个区公所、1559个人民公社，88个街道办事处。1969年7月，将内蒙古自治区额济纳旗、阿拉善右旗分别划归甘肃省酒泉地区、武威地区管辖。1979年7月，将甘肃省酒泉地区额济纳旗、武威地区阿拉善右旗划归内蒙古自治区管辖。1985年，共设14个行署（州、市），辖86个县（自治县、市、区），至此，形成今甘肃省行政区域。2004年，共辖12个地级市、2个自治州，86个县（市、区）。,甘肃省,https://dmfw.mca.gov.cn/,中国·国家地名信息库,西夏统治河西时设甘肃军司，为甘肃命名之始。元至元十八年（1281）设甘肃等处行中书省，简称甘肃行省，是中国历史上首次出现甘肃省的行政区划。,high,中国·国家地名信息库,official,597ebba9d67882dc0321edede93f03c68e06fec3a238fd9f82f58f94b1673956,2026-07-13T03:33:41.144929+00:00,2026-07-13T03:33:41.144929+00:00
bb117aedf98c830cf4ffe0c9c7b9ef97a84e8b0a,b42b349959b41c574239fb61468ebd38431da951,dad822bffa325b4365aad800b796d778,青海省,青海省,,,省级行政区,1929年1月，设立青海省。,因中国最大的内陆高原咸水湖青海湖在省境之内，因而得名。,夏商周时期，青海的世居民族是古羌人，被称为西羌。西汉武帝元鼎六年（前111），青海省境曾由护羌校尉实行较为松散的军政合一制管辖。宣帝神爵二年（前60），在设金城属国以安置降附的羌人部落的同时，将金城郡治所由今兰州西固西移至今青海境内，青海东部地区开始纳入中原封建王朝的郡县体系之中。汉平帝元始四年(4)，设立西海郡(治今海晏县)，管辖环青海湖地区。新朝亡，郡废。东汉建安元年至十年期间，置西平郡(治今西宁市)。这时青海东部分属金城、陇西、西平3个郡管辖，今西宁开始成为政治中心之一。十六国时期，“五凉”之一的南凉曾在河湟地区立国建都。北魏置鄯善镇，旋改为鄯州，下辖西平、浇河、洮河3郡。北周时，增设了廓州(治今贵德)，辖洮河、达化2郡。东晋初至唐前期青海高原上为吐谷浑，为青海高原上号称强大的游牧王国。吐蕃王朝崛起后，曾经与唐朝以日月山为界直接相邻。北宋前期，安多地区诸吐蕃部落建立了地方政权，史称唃厮啰政权（又称青唐吐蕃政权）。唃厮啰政权行将瓦解时，北宋派军进占河湟地区，恢复鄯州、廓州。崇宁三年（1104），改鄯州为西宁州(此为西宁地名之始)。元初沿置西宁州，并将宋、夏时的乐州、廓州并入，隶于甘肃行省。黄河两岸等地则隶于吐蕃等处宣慰使司都元帅府。明代改元西宁州为西宁卫，兼管民政，另在今青海西部设立了安定、阿端、曲先、罕东等“塞外四卫”，在青南地区设了必里、朵甘、毕力术江、陇卜等卫，均属羁縻卫。清雍正二年(1724)，改西宁厅为西宁府，隶属甘肃省。又设钦差办理青海蒙古番子事务大臣(通称青海办事大臣或西宁办事大臣)，在藏族中陆续推行千百户制度。青海办事大臣隶理藩院，所辖是相当于省一级的特别行政区。历代设置的上述郡或州、卫、府等行政建置大都在东部河湟地区，而河湟地区以外的广大地区大多数朝代不在郡、州、卫、府、县的管理体制范围，北朝、隋唐时期这些地区曾分别属于吐谷浑、党项羌、苏毗、多弥、白兰等地方政权管辖，清雍正以前是朝廷藩属青海蒙古部辖区，雍正以后是青海办事大臣所辖蒙藏地区。1913年1月，裁西宁府，改设海东道，仍隶属甘肃省。1914年6月，海东道改称西宁道。1915年设甘边宁海镇守使署，其所辖即后来青海省的范围。1927年，废除西宁道。1928年9月，青海建立行省。1929年1月，青海正式从甘肃省分出，单独设了青海省。,青海省,https://dmfw.mca.gov.cn/,中国·国家地名信息库,1929年1月，设立青海省。,high,中国·国家地名信息库,official,f290e6ba7cccc4dfdd3c8f07b6aada9b94cef3dd6d2adb3a4e155fb93ed80337,2026-07-13T03:34:04.397895+00:00,2026-07-13T03:34:04.397895+00:00
69bcf2bd7c0e2380e3b206baeb70978aaa2b0725,3a5fb7c93405685c4d2ba0193c725f38821bd2dc,83c940f9058e01a786c9a48e9975e7cd,宁夏回族自治区,宁夏回族自治区,,,省级行政区,1957年7月15日，第一届全国人民代表大会第四次会议通过《关于成立宁夏回族自治区的决议》。1958年10月25日，宁夏回族自治区成立。沿用旧宁夏省之名。,蒙古灭西夏后，于元至元二十四年（1287），改中兴府(原西夏国都)为宁夏路，始有“宁夏”之名。《中国省区名称的来源》载：宁夏取“夏地安宁”之意。,秦代置富平、朝那、乌氏县，属北地郡。西汉置灵武、廉县、晌衍、灵州县，与富平县属北地郡，置三水、眴卷县，与朝那、乌氏属安定郡，余仍属北地郡。东汉末地入羌胡。十六国时先后属前赵、前秦、后秦、夏四国。北魏分置高平镇、薄骨律镇，后改为原州、灵州。原州领平高郡，灵州领普乐郡。西魏置临河郡，属灵州。北周置怀远、历城郡，属灵州；曾置会州，后废。隋大业初改原州为平凉郡，改灵州为灵武郡。唐武德初复称原州、灵州。开元九年(721)，于灵州置朔方节度使。宋初，南部分属镇戎军、怀德军、德顺军、渭州、西安州；北部分属盐、灵二州。北宋宝元元年（1038），党项族首领李元昊建立大夏国，定都兴庆府(今银川市)，史称“西夏”。今境置定、怀、静、灵(西平府)、顺、韦(威)等州，又置西寿保泰军司、静塞军司。元中统二年(1261)，设西夏中兴等路行中书省，辖境约当今宁夏北部、甘肃黄河以西、内蒙古西部以及青海、新疆东部地区，其后体制多变。元至元二十三年(1286)，改置甘肃行中书省，治甘州(今甘肃张掖市)，仍辖西夏故地；二十四年（1287），改中兴府(原西夏国都)为宁夏路；三十一年（1294），甘、宁分治，分设甘肃、宁夏二行中书省，宁夏得名始此。分治之宁夏行省，辖境仅今宁夏北部地区，领宁夏府路、灵州、应里州、鸣沙州、定州。元贞元年(1295)，撤销宁夏路行中书省，以宁夏府路隶属于甘肃省。明洪武三年(1370)，改宁夏府路为宁夏府，五年废，二十六年（1393），置宁夏卫。其后增置宁夏左、右、中三屯卫和前、中、后三卫。建文间设宁夏镇，为九边镇之一。弘治十五年(1502)，置固原州，属平凉府，并设固原镇，为九边镇之一。清雍正二年(1724)，改置宁夏府，属甘肃省。固原州仍属平凉府。1914年，置宁夏道。1927年，废宁夏道，设宁夏行政区。1928年，以宁夏行政区合内蒙部分地区置宁夏省。1949年，沿称宁夏省。1954-1957年，入甘肃省和内蒙古自治区。1957年7月15日，第一届全国人民代表大会第四次会议通过《关于成立宁夏回族自治区的决议》。1958年10月25日，宁夏回族自治区成立。名称沿用至今。,宁夏回族自治区,https://dmfw.mca.gov.cn/,中国·国家地名信息库,1957年7月15日，第一届全国人民代表大会第四次会议通过《关于成立宁夏回族自治区的决议》。1958年10月25日，宁夏回族自治区成立。沿用旧宁夏省之名。,high,中国·国家地名信息库,official,b3e81a69a3d5e6cd3f9693389c7d08e5c0e52205eb4a1d013060365b04c8db62,2026-07-13T03:34:20.337525+00:00,2026-07-13T03:34:20.337525+00:00
809fadd5ba59312d29f53bb05a0c7681d65ec611,9170e2e5e0f70b81e010c7d9da01a34ad5824bfd,1868b51fa226435db97627f8a3212cad,新疆维吾尔自治区,新疆维吾尔自治区,,,省级行政区,中国古代史籍称“西域”，意为西部的疆域，清乾隆二十四年(1759)，称西域新疆，光绪十年(1884)，建新疆省。中华人民共和国成立后，1955年10月1日，撤省，成立新疆维吾尔自治区，简称新。,意为故土新归。,历史上通称西域。秦汉时期，西域居住过许多民族，经过不断的迁徙发展融合，形成了新的民族共同体，并建立了以各个绿洲为中心的城郭诸国，《汉书·西域传》称为三十六国。汉神爵三年(前59)，设西域都护府于乌垒城(今轮台县境)，西域正式列入汉朝版图。初元元年(前48)，又置戊己校尉于交河、高昌等地。东汉永元三年(91)，设西域都护府于龟兹，班超为都护，并置西域长史驻疏勒(今喀什)。三国魏至西晋仍沿袭汉朝对西域的管辖，置西域长史驻楼兰，戊己校尉驻高昌。隋唐时期，中央政权在新疆的管辖进一步发展和完善。唐贞观四年(630)，设伊州；十四年，设西州、庭州，并于同年设安西大都护府，始治交河，后迁龟兹。长安二年(702)，置北庭都护府，景龙三年(709），晋级为大都护府，辖天山以北包括巴尔喀什湖在内，伊犁河以西的广大地区。龟兹、疏勒、丁阗、碎叶为安西大都护府四大军事重镇，称为“安西四镇”。9世纪中叶后，西域建立了高昌回鹘王国、喀喇汗王朝和于阗王国，先后臣属于宋、辽。12世纪30年代，契丹皇族耶律大石率部西迁中亚，先后征服高昌回鹘王国和喀喇汗王朝，建立西辽，使西域地区各政权重归统一。13世纪初，蒙古成吉思汗完成对天山南北的统治。蒙古汗国最初在西域设立达鲁花赤（意为镇守官）、别失八里（今吉木萨尔）和阿姆河等行尚书省军政管理机构，对西域进行军政管辖。元至元十八年（1281），置别失八里宣慰司都元帅府。元贞元年（1295），改为北庭都元帅府；十九年，在伊犁设置阿力麻里元帅府，后设别失八里、火州、斡端宣慰使。明永乐四年(1406)，设立哈密卫，任用哈密当地的世族首领为各级官吏，统辖当地军政事宜，维护中西商贸通道之安全。而统治西域其他地区的蒙古察合台后裔各割据政权也相继归顺明廷，请示封爵，明朝予以册封，王以下所设的千户、都督、会事等官员也由明朝认命，对这些地区实施羁縻控制。清朝时期，17世纪70年代，厄鲁特蒙古诸部中的准噶尔部扩大势力，以伊犁河流域为中心统辖天山南北。清乾隆二十二年(1757)，清朝平定割据西北的准噶尔及南疆大小和卓叛乱，重新统一天山南北，巩固了对新疆各地的军政管辖；二十七年，设立“伊犁将军”于犁惠远城，成为新疆当时的政治军事中心，统一行使对天山南北以及巴尔喀什湖以东、以南广大地区和帕米尔高原等地的军政管辖，府治设在今霍城县境内的惠远城，其下分设都统、参赞、办事、领队大臣管理各地军政事务。光绪元年（1875）陕甘总督左宗棠就认钦差大臣，督办新疆事务；到光绪三年，清军陆续收复了阿古柏窃据的天山南北诸地；七年二月，清政府收复了被沙俄强占达11年之久的伊犁；十年，清政府取“故土新归”之意，正式建新疆省，新疆军政中心由伊犁移至迪化（今乌鲁木齐）；二十八年，新疆省下辖4道，即镇迪道、阿克苏道、喀什噶尔道、伊塔道。道以下共隶有6府、10厅、3州、21县、2分县。行政建制与内地完全一致。1949年10月1日，各少数民族聚居的地方实行区域自治。1955年10月1日，成立新疆维吾尔自治区，首府设在乌鲁木齐，下设1个行政公署(南疆行政公署)，9个专署(乌鲁木齐、哈密、库尔勒、和阗、莎车、阿克苏、伊犁、塔城、阿勒泰)，5个自治州(昌吉回族自治州、巴音郭楞蒙古自治州、克孜勒苏柯尔克孜自治州、伊犁哈萨克自治州、博尔塔拉蒙古自治州)，1个自治区直辖市(乌鲁木齐市)，1个行政公署辖市(喀什市)，1个专署辖市(伊宁市)，74个县，6个自治县。1983年，自治区辖5个自治州、7个地区、2个地级市，设有70个县、6个自治县、1个自治区直辖县级市、4个自治州辖市、4个地区辖市。1993年，自治区辖5个自治州、8个地区、2个地级市，设有15个县级市、11个地级市辖区、64个县、6个自治县。至2021年，自治区下辖5个自治州（昌吉回族自治州、博尔塔拉蒙古自治州、巴音郭楞蒙古自治州、克孜勒苏柯尔克孜自治州、伊犁哈萨克自治州）、5个地区（阿克苏地区、喀什地区、和田地区、塔城地区、阿勒泰地区）、4个地级市（乌鲁木齐市、克拉玛依市、吐鲁番市、哈密市），11个自治区直辖县级市。,新疆维吾尔自治区,https://dmfw.mca.gov.cn/,中国·国家地名信息库,中国古代史籍称“西域”，意为西部的疆域，清乾隆二十四年(1759)，称西域新疆，光绪十年(1884)，建新疆省。中华人民共和国成立后，1955年10月1日，撤省，成立新疆维吾尔自治区，简称新。,high,中国·国家地名信息库,official,508fc80f8d5158d6652ee7dd51438e3d3abbdb8c729afde5897d8f4f8857b03e,2026-07-13T03:34:36.082097+00:00,2026-07-13T03:34:36.082097+00:00
594301c5bb1924cb81e357be92b884e8a8e8f009,26680379f07852d18871d08b587621b1176ef8af,d31297b04515df9e0864bb73854cf184,石家庄市,河北省,石家庄市,,地级行政区,1947年11月12日石门市解放，11月14日，“晋察冀边区石门市政府”宣告成立。12月26日，将“石门市”以原石家庄村名更名为“石家庄市”。,以原石家庄村名而得名。,石家庄市是伴随着铁路的修建，由石家庄村发展兴建起来的。石家庄原为获鹿县一蕞尔村，村史可追溯到明嘉靖十四年（公元1535年）。后随京汉铁路和正太铁路的先后通车建站，从此商贾云集，日臻繁华。1925年6月，在今新华区东南置石家市，8月休门、栗村并入，取石家庄、休门两村名首尾各一字，更名石门市，归省直辖。1939年10月，正式设立石门市。1947年12月，更名石家庄市，属晋察冀边区。1949年8月，河北省人民政府成立，石家庄市改属河北省人民政府领导，为河北省辖市，10月26日，石家庄市政府改称石家庄市人民政府。1958年，改属石家庄专区。1960年，专区与市合并，为省辖市。1961年，专、市分设，属专区。1967年，专区改为地区。1968年，为河北省省会。1978年，石家庄市复升省辖市。1983年，井陉、获鹿两县划入。1986年，正定、栾城两县划入。1991年，撤销晋县，设立晋州市（县级）。1992年5月，恢复井陉矿区；10月，撤销新乐县设立新乐市（县级）。1993年6月，地市合并，原地区所属各县和代管的3个县级市统一石家庄市辖。2001年，撤销石家庄郊区，设立裕华区。2014年9月，撤销桥东区，分别划归长安、桥西区，撤销藁城市、鹿泉市、栾城县，设立藁城区、鹿泉区、栾城区。,石家庄市,https://dmfw.mca.gov.cn/,中国·国家地名信息库,1947年11月12日石门市解放，11月14日，“晋察冀边区石门市政府”宣告成立。12月26日，将“石门市”以原石家庄村名更名为“石家庄市”。,high,中国·国家地名信息库,official,fc52b62194a6cf81d1954627541813ff82035690da3b519d91040ce982c801fb,2026-07-13T03:39:18.682074+00:00,2026-07-13T03:39:18.682074+00:00
b2b3191972281745eb2394ff5ccfa3d581dfad4f,75dbbe79113ce6b8931af10a7cd3f53fe7993729,68205c6a2f6accbd8b78fee3b0288d8e,唐山市,河北省,唐山市,,地级行政区,1877年，清政府在市区附近建“开平矿务局”，逐渐发展成为工业镇，初名乔屯镇，后因镇北有唐山（现名大城山），改名唐山镇。1938年正式建市，市以镇名。,唐山之名由来有二说。一说始于唐，据《唐山政区概览》载：“相传唐太宗东征曾屯兵于此，山赐唐姓，唐山由此得名。”二说始于后唐，据《滦县志》载：“唐山周回数里，复岭重岗，其东麓则徒河萦带。相传后唐李嗣原曾屯兵于此，立石城二百余丈。又后唐姜将军斩蛟有功，葬于此，后人建庙祠之。山以唐名，实由于此。”,秦汉时期属右北平郡、辽西郡。三国魏、晋属北平郡、辽西郡。北魏因之。隋代属渔阳郡、北平郡。唐代属蓟州、平州。辽代属析津府和平州。金属蓟州和滦州。元、明因之。清代属直隶省永平府和遵化直隶州。光绪三年（1877），清政府在市区附近建“开平矿务局”，逐渐发展成为工业镇，初名乔屯镇，后改名唐山镇。1925年与1928年，在滦县唐山镇曾两次设唐山市，但均未确定市界。1938年1月，再度建市，以驻地镇为名。1949年8月，升为河北省辖市，今属县为唐山专区辖。1958年，降为县级市，属唐山专区，12月，滦县、丰润县部分地区并入。1960年，复升省辖市，并辖原唐山专区所属迁安、昌黎、乐亭、玉田、遵化、滦县、丰润县及秦皇岛、汉沽市。1961年，恢复唐山专区，复为专区辖。1978年，改为省辖市。1983年，唐山地区撤销，所属丰润、丰南、滦县、滦南、玉田、遵化、迁西、迁安、唐海九县和秦皇岛市乐亭县划入。,唐山市,https://dmfw.mca.gov.cn/,中国·国家地名信息库,1877年，清政府在市区附近建“开平矿务局”，逐渐发展成为工业镇，初名乔屯镇，后因镇北有唐山（现名大城山），改名唐山镇。1938年正式建市，市以镇名。,high,中国·国家地名信息库,official,30b9048f0847639855de6b92fabad51f17f0d7f8c4db1661079a9d18e5a11d1a,2026-07-13T03:39:23.761241+00:00,2026-07-13T03:39:23.761241+00:00
f1d2a40c74b0a654633cc41a2190322ccb41a443,59c00fc67a8b4fba4f9f2d1d9c4372560e5b503c,9c387c704db0be0495538a9114ae957f,秦皇岛市,河北省,秦皇岛市,,地级行政区,1949年，设立秦皇岛市。,秦皇岛一名的来历含义有二说：其一为始皇赢政北巡至此，派遣方士入海求访长生仙药，故名秦皇岛；其二为唐太宗李世民东征高丽驻跸于此，因李世民登基前封号为秦王，故此得名秦王岛，后讹传为秦皇岛。,原为临榆县地。清光绪二十四年（1898），辟为商埠。1948年，置秦榆市。1949年2月，废秦榆市，同时设立山海关市，属辽西省；设立秦皇岛市，属华北行政区冀东区。同年秦皇岛市划归河北省。1953年，山海关市省入秦皇岛市。1958年，改属唐山专区。1960年，划归唐山市。1961年，复属唐山专区。1968年，属唐山地区。1983年3月，升为地级市；原唐山地区的抚宁、昌黎、卢龙、乐亭四县和承德地区的青龙县划入；同年5月，乐亭县又划归唐山市。1986年，青龙县改设青龙满族自治县。2015年，抚宁县改设抚宁区。,秦皇岛市,https://dmfw.mca.gov.cn/,中国·国家地名信息库,1949年，设立秦皇岛市。,high,中国·国家地名信息库,official,5fbd0d3a55d000cedf7004d67756a1d8dad0cdc3be87cb097ac5d16aa7573928,2026-07-13T03:39:29.976558+00:00,2026-07-13T03:39:29.976558+00:00
a8d09ffd646887c357bc1e598973a16361e655a3,ae93e350d654a70cca261cfeb78fa18663c61e13,a44d8e15c93596203290c553e339ddf0,邯郸市,河北省,邯郸市,,地级行政区,1945年，析邯郸县城及近郊始置邯郸市，以沿用邯郸县之专名得名。,“邯郸”之名，最早见于《春秋谷梁传》；《史记•殷本纪》唐张守节注引《扩地志》转引《竹书纪年》有殷商末年纣王时邯郸为“离宫别馆”记载。其含义现一般采用《汉书•地理志》中三国时魏国人张晏所注：“邯郸山，在东城下；单，尽也。城廓从邑，故加邑云。”意即邯郸因有邯山至此而尽，因此得名甘单，以城廓从邑，故加邑(阝)为邯郸。此外尚有姓氏说等诸说，但目前尚无权威文献可佐证。侯马盟书证公元前五世纪初即作“甘丹”和“邯丹阝”。后演变为邯郸。,春秋时期先属卫国，后为晋之邯郸邑。战国时期属赵国。敬侯元年(前386)，始徙都于邯郸(故城即今邯郸市西南赵王城遗址)。秦王政十九年(前228)，秦灭赵，为赵国都城。秦王政十九年(前228)，置邯郸郡。秦二世二年(前208)，章邯破赵军，夷邯郸城郭。汉高帝四年(前203)，封其子如意为赵国王，都邯郸并置邯郸县。景帝三年(前154)，改赵国为邯郸郡，治邯郸城，五年，复为赵国，仍都于此。东汉建安十七年(212)，邯郸城仅为邯郸县治，邯郸县属魏郡。三国魏黄初二年(221)，更属广平郡。西晋仍之，东晋后改属魏郡，邯郸城仍为邯郸县治。北魏太平真君六年(445)，邯郸县改属司州广平郡。东魏天平初，邯郸县省入相州临漳县，邯郸城随之改隶临漳县。隋开皇十六年(596)，复置邯郸县，仍治邯郸城，属慈州。大业二年(606)，改隶洺州，三年，罢洺州改属武安郡。唐武德元年(618)，邯郸县改隶紫州，四年，改属磁州。贞观元年(627)，废磁州改隶洺州。天宝元年(742)，罢州改属广平郡。至德二载(757)，废郡复属洺州。永泰元年(765)，改属磁州。天祐三年(906)，磁州改名惠州，邯郸县仍属之。五代时期后唐时复属磁州。宋初邯郸县依然治邯郸城，仍隶磁州。北宋政和三年(1113)，改礠州为磁州，邯郸县及治所邯郸城仍属之。金元两代因之。明清两代改属广平府。1913年，改属冀南道。1914年，属大名道。1928年，直属河北省。1937年，属河北省第十五督察区。1945年，由邯郸县析设邯郸市，1946年4月，设为晋冀鲁豫边区首府。1949年，降为镇，同年设邯郸专区，辖16县和邯郸镇。1950年，设峰峰矿区，属邯郸专区。1952年，邯郸镇复为邯郸市，属邯郸专区；峰峰矿区改省直辖；临清、馆陶二县划归山东省。1953年，邯郸市改省辖市。1956年，峰峰市并入。1958年，邢台专区撤销，除宁晋、新河二县，其余各县划属邯郸专区，邯郸市亦改由专区辖。1960年，邯郸市复为省辖市，同时撤销邯郸专区，所辖各县改属邯郸市。1961年，恢复原邢台专区、邯郸专区，邯郸市属邯郸专区。1965年，馆陶县划入。1968年，改称邯郸地区。1983年，邯郸市改地级市，辖邯郸县。1986年，武安县划归邯郸市。1988年，武安县改武安市。1993年，地市合并，邯郸地区所辖十三县划入邯郸市。,邯郸市,https://dmfw.mca.gov.cn/,中国·国家地名信息库,1945年，析邯郸县城及近郊始置邯郸市，以沿用邯郸县之专名得名。,high,中国·国家地名信息库,official,85c37ef962a8ba31ea81f4c4d3a00428d0e99c0b96207dee312e8a12c32ad921,2026-07-13T03:39:35.835988+00:00,2026-07-13T03:39:35.835988+00:00
b160303649ea2fd334a4b03aa9bb5ee1ea6916dd,abd6ab5744a3c7ae98fc59d52ae748b84fa97c1f,7d28f983c9948a6415b30407bf5fdf0a,邢台市,河北省,邢台市,,地级行政区,1945年，析邢台县城厢设立邢台市。以县政府驻邢台而得名。,邢台市名称源于邢台县名。宋宣和二年（1120），宋徽宗取古“邢”字和邢侯所筑“行台”，改龙冈县为邢台县。邢，古通“井”。传说上古时期黄帝曾在邢台干言冈一带耕作，《诗经·国风》曰：“出宿于干，饮饯于言”，黄帝教民开发利用井水，筑邑而居，史称“黄帝凿井，聚民为邑”，后世为纪念黄帝凿井筑邑之德，乃合井、邑二字为一字，即为“邢”，“邢”作为地名，最早见于《竹书·纪年》“商祖乙九祀，圮于耿，迁邢”，《史记·殷本纪》也载：“祖乙迁都于邢”。台，借指行台。西周时期，周成王封周公第四子为“邢侯”，置邢国，统辖邢地，邢侯曾在今邢台县浆水村建行台一座。,商为京畿地，祖乙曾迁都于邢（今邢台）。周成王封姬苴为邢侯，史称邢侯国。春秋邢灭属卫，后为晋地。战国赵成侯据邢，筑檀台。秦代，东部先属巨鹿郡，后属清河郡；西北部属邯郸郡。后赵建武元年（335），为襄国郡。隋开皇十六年（596），称邢州。大业三年（607），罢州，为襄国郡。唐武德元年（618），改襄国郡为邢州。宋宣和元年（1119），罢邢州为信德府。金天会七年（1129），改信德府为邢州。元中统三年（1262），改邢州为顺德府。至元二年（1265），改为顺德路。明洪武初（1368），复名顺德府。1913年，废府。1936年，为河北省第15行政督察专员公署。1941年，属晋冀鲁豫边区冀南区和太行区。1945年，析邢台县城厢建邢台市（县级市）。1949年，为邢台专区，同年邢台市改为邢台镇。1953年，复置邢台市，为省辖市。1958年，邢台市并入邢台县。1961年，为邢台专区，邢台市复设，隶属邢台专区。1967年，邢台专区改邢台地区。1983年，邢台市升为省辖市。1993年，经国务院批准邢台市与邢台地区合并，设立新的邢台市。,邢台市,https://dmfw.mca.gov.cn/,中国·国家地名信息库,1945年，析邢台县城厢设立邢台市。以县政府驻邢台而得名。,high,中国·国家地名信息库,official,8df4651124cf1a6fa9d30707d58a08e05b7f2d63530acb98555d5b856055343a,2026-07-13T03:39:41.441845+00:00,2026-07-13T03:39:41.441845+00:00
11e59cca9f9bf31b16023d7cfde49680a7264a06,b3778fd61f690cb88288b38a1f3a79cff04e52b5,1c1d9422fba06bfaccfc0e863cef8d2f,保定市,河北省,保定市,,地级行政区,1948年，析清苑县城关设立保定市。以市政府驻保定而得名。,元至元十二年（1275），改顺天路为保定路，治清苑，寓对大都保卫安定之意，保定之名自此始有。,殷商时期为北燕之地。春秋、战国时期，燕、中山于境内建都。秦时，今辖区南部属恒山郡，北部多属广阳郡。西汉时，分属涿郡、中山国。东汉，分属涿郡、中山国、河间国。东晋十六国，先后属幽州和冀州。南北朝，先后为北魏、北齐、北周境域。隋朝，分属涿郡、上谷郡、高阳郡。唐属河北道的涿州、易州、定州。五代十国时期，境内各县多属后梁、后晋。宋、辽时，辖区北部属辽西京道，南部属北宋河北西路、河北东路。北宋建隆元年（960），于清苑县置保塞军。太平兴国六年（981），升保塞军为保州，清苑县更名保塞县。金保塞县复名清苑县，并复置满城县。金天会七年（1129），于保州设顺天军。元太宗十一年（1239），改保州为顺天路。元至元十二年（1275），改顺天路为保定路。明洪武元年（1368），改保定路为保定府。清沿旧制，仍设保定府。清康熙八年（1669），直隶巡抚由真定（今正定）移驻保定，保定始为直隶省会。1912年，直隶省徙治天津。1913年，废府置范阳道。1914年，改保定道。1935年，始为河北省省会。1948年，析清苑县城关设保定市（县级），属保定专区。1949年，河北省保定专员公署驻此，升为省辖市（地级）。1954年，撤销定县专区，其所辖6县划归保定专区。1958年，省会迁天津，保定市划归保定专区。1960年，撤销保定专区，所属县划归保定市辖。1961年，复设保定专区，保定市及各县还属。1966年1月，省会由天津迁回保定。1968年2月，省会迁至石家庄。1968年，属保定地区。1983年，保定市升为省辖市，满城、清苑县先后划入。1994年12月，地市合并，所辖各县及代管4县级市划归保定市。,保定市,https://dmfw.mca.gov.cn/,中国·国家地名信息库,1948年，析清苑县城关设立保定市。以市政府驻保定而得名。,high,中国·国家地名信息库,official,b80028ddaa833d92209162de1e5b0320d8c1c585d2932376ad0db52bd0cb2c4f,2026-07-13T03:39:47.301662+00:00,2026-07-13T03:39:47.301662+00:00
571e9a1be3aef2eb2b40c0179f0c85a2bfa92edb,c8958abebd465d6294c0aa10a8e355ba15dc7529,73bde2807bf527c9cc7e818903c8ea72,张家口市,河北省,张家口市,,地级行政区,雍正二年（1724），设张家口厅，管理口外蒙旗事务。1939年，设张家口市，属察哈尔省。,含义有两种说法。一是明代原属万全右卫，宣德四年（1429）始筑堡城，因该堡城为指挥张文所筑，故名张家口堡（今堡子里），张家口之名以此。二是乾隆《口北三厅志》载：张家口东高山，《畿辅通志》张家口堡东北七里；西高山，《万全县志》张家口堡西北七里。二山皆在边口，相去数百步，对峙如门，张家口之名以此。,"秦代属上谷郡、代郡，西北为匈奴地。汉代属上谷郡（治今怀来县）、代郡，北部为乌桓、鲜卑地。三国魏、晋因之。隋代属涿郡、雁门郡。唐代属妫州(后改武州，治今宣化区)、蔚州，北部为突厥地。辽改属归化州、奉圣州、蔚州。金属宣德州(归化州改，仍治今宣化区)、桓州、蔚州、奉圣州。元代置宣德府(治今宣化区)，西北部置兴隆路(治今张北县)。明代置宣府左、右、前卫，后称宣府镇(均治今宣化区)，北部属开平卫、大同府。清康熙三十二年（1693），宣府镇改为宣化府。清雍正二年（1724），设张家口厅，管理口外蒙旗事务。清宣统元年（1909），京张铁路通车，张家口的商业及市政建设由桥西发展到桥东并形成较大商埠。1914年，北洋政府成立察哈尔特别区，都统府侨治张家口。1928年，国民党政府设察哈尔省，张家口为省府驻地。1937年，日本帝国主义侵占张家口，继而扶持汉奸于品卿等在宣化成立伪察南自治政府。1939年，日伪置张家口特别市，属伪蒙疆自治政府。治所即今河北张家口市。后废。1945年8月，张家口解放，复置张家口市，属察哈尔省。1946年8月，复置张家口市，为晋察冀边区政府驻地。1948年，张家口第二次解放，恢复张家口市。1952年，设立张家口专区，辖原察哈尔省划归河北省的张北、赤城等16个县。1955年，撤销宣化市，其行政区域并入张家口市,张家口市第一区更名为桥东区；第二区、第三区合并为桥西区；第四区更名为七里茶坊区；原宣化市庞家堡矿区更名为张家口市庞家堡区；原宣化市下花园矿区更名为张家口市下花园区。1958年，张家口市改为县级市，划归张家口专区。1959年，升为地级市，由省直辖。1961年，恢复张家口专区的建制，张家口市改为县级市，由张家口专区领导。1963年撤销宣化市，其行政区域并入张家口市。1983年，张家口市升为地级市，改由省直辖，张家口地区的宣化县划归张家口市。1989年，撤销张家口市茶坊区和庞家堡区，将原茶坊区分别划归张家口市桥东区、桥西区管辖，将原庞家堡区划归宣化县管辖。1993年，张家口地、市合并，实行市管县体制。下辖13个县和4个区。2016年1月，撤销张家口市宣化区、宣化县，成立新的宣化区；撤销万全县，成立万全区；撤销崇礼县，成立崇礼区；将原宣化县的大仓盖镇、东望山乡划归张家口市桥东区管辖；将原宣化县的沙岭子镇、姚家房镇划归张家口市桥西区管辖。",张家口市,https://dmfw.mca.gov.cn/,中国·国家地名信息库,雍正二年（1724），设张家口厅，管理口外蒙旗事务。1939年，设张家口市，属察哈尔省。,high,中国·国家地名信息库,official,d3a6804299750e91cdc9f078672fdc6e2f98ce7c5c7ceeecab11a2287f216cf4,2026-07-13T03:39:52.987818+00:00,2026-07-13T03:39:52.987818+00:00
8a3fe39277246736b364545391cec24ef4a03494,2aa8c71c8a3944e5cf5a867c94b79bed491a9ce3,8679b857538429f24cefb1e0d7dd90a3,承德市,河北省,承德市,,地级行政区,1945年，析承德县建承德市。市以县名。,“承德”一词最早见于《尚书·周官》“六服群辟，罔不承德，归于宗周”，寓各地诸侯无不承受周王德泽，归于周的王都。清雍正元年（1723），雍正将“热河”名赐予承德，设热河厅；十一年（1733），值康熙帝八十诞辰际，胤祯取“承受先祖德泽”之意，将热河厅改为承德州，始称“承德”。,战国属燕国渔阳右北闰、辽西三郡。秦仍属渔阳、右北平郡，边外接东胡地。西汉属渔阳、北平郡。东汉为鲜卑地。三国魏为鲜卑柯比能势力范围。晋初为鲜卑各部据地，后并入慕容隽为前燕地；符坚灭前燕为前秦地属幽州。慕容垂复国后为后燕属右北平；冯跋时为北燕地仍属右北平郡。北魏今境属安州广阳郡之燕乐县地。东魏、北齐均属安州，后并入库莫奚。隋为奚地。唐属饶乐都督府。五代十国今境为契丹势力。辽属中京道大定府北安州兴化军地。金属北京路大定府兴州宁朔地。元属中书省上都路兴安和大宁路惠州。明初为京师北平府辖，后属北平行都司卫。清初这一带称“热河上营”。仅是“名号不掌于职方”的小村落。清康熙四十二年（1703），清廷在此修建行宫，人口与日俱增。四十七年（1708），热河行宫开始使用，热河进入了发展期。康熙五十年（1711），热河上营就已是“生理农桑事、聚民至万家”的大村镇。雍正元年（1723），设热河厅，次年设热河总管，统理东蒙民政事务。雍正十一年（1733），胤祯取“承受先祖德泽”之意，罢热河厅设承德直隶州，此是“承德”名称的始源。乾隆七年（1742），复设热河厅。四十三年，改置承德府。嘉庆十五年（1810），设热河总督署，此地为厅、州、府、都统署治所。1913年，改承德府为承德县，属热河特别区。1914年，为热河道治所。1928年，成立热河省，为省会。1933年，被日寇侵占，成立伪满洲特别行政区。1945年，属晋察冀边区；同年解放，析承德县设承德市。1948年，复属热河省。1955年，撤销热河省，承德市划归河北省，为省辖市，并置承德专区。1956年9月，改属承德专区，专署驻承德市。1960年，复为省辖市，并撤销承德专区。1961年，复设承德专区和承德县，承德市及所辖区县划归专区。1967年，承德专区改承德地区。1983年，承德市复为直辖市，承德县划归市属，青龙县划归秦皇岛市。1993年7月1日，地、市合并，承德地区所辖兴隆、平泉、滦平、隆化4县和丰宁满族、宽城满族、围场满族蒙古族3自治县划入承德市。2017年4月10日，平泉县撤县设市。,承德市,https://dmfw.mca.gov.cn/,中国·国家地名信息库,1945年，析承德县建承德市。市以县名。,high,中国·国家地名信息库,official,ab1cf97d62195239f5884f587d3e58d259dc66a80fe32c59adb3b81e5efc41f4,2026-07-13T03:39:58.856366+00:00,2026-07-13T03:39:58.856366+00:00
f19b67116cbbdd855003190cb7cbe5cce7881180,79726402983ae21d2896c4acc178e2afcf36dd14,6eb6fb103e126bcb5bd3bc7694f5c564,沧州市,河北省,沧州市,,地级行政区,1958年，经国务院批准撤销仓镇，设立沧州市。以古沧州得名。,沧州一名，始见于北魏熙平二年（517），据《魏书·地形志》载：“沧州，熙平二年，分瀛、冀二州置，治饶安城”。《广韵下平十一唐》载：“沧，亦州名。后魏所置，盖取沧海为名”。《北史·魏辽西公意烈传》载：“玄孙洪超，大乘贼乱之后，诏洪超绥慰冀部。还上言：‘冀土宽广，界去州六七百里，负海险远，宜分置一州，镇遏海曲。’朝议从之，后遂立沧州”。并“取沧海之义”为名。,春秋时期为燕、齐二国地。战国时期地属燕、齐、赵三国。秦时分属巨鹿（河间）、济北两郡。西汉高帝五年（前202），置渤海郡（渤，《汉书》作勃）、浮阳县，郡治浮阳（今沧县东关）。北魏熙平二年（517），分瀛、冀二州之地，置沧州，治饶安（今盐山县境）。北周大象二年（580），置长芦县（今沧州市）。隋文帝开皇六年（586），改沧州为棣州。大业二年（606），将棣州复改沧州。大业三年（607），改沧州为渤海郡。唐武德元年（618），改渤海郡为沧州。六年（623），徙州治胡苏（今东光境）。贞观元年（627），移州治于清池。天宝元年（742），改沧州为景城郡。乾元元年（758），复改为沧州。北宋时，沧州属河北东路河间府，以清池为治所。后沧州为金朝辖地。元代，沧州属河间路，治清池。延佑元年（1314），徙州治于长芦（今沧州市驻地）。至正十八年（1358），又移州治于清池。明代，沧州属河间府。洪武二年（136），徙州治于长芦。清雍正七年（1729），沧州升为直隶州，属直隶省管辖。雍正九年（1731），沧州降为散州，属天津府。1913年，废沧州改为沧县，属直隶省渤海道。1914年，改属津海道。1928年，废道，直属河北省。抗日战争时期，原沧县运河以西划为冀中行署八专署青沧交县，县人民政府驻钱海庄；运河以东划入山东省。1945年8月15日，日本投降，国民政府接管沧州城。1947年6月15日，沧城解放，设沧市，辖城关、南关、西关3个区，属渤海行署一分区。1948年初，沧市划归冀中行署八分区管辖。1949年，沧市改为沧镇。沧镇、沧县同属沧县专区，沧县专区驻沧县。1953年11月6日，将沧镇划归沧县。1958年4月28日，撤销沧县专区，并入天津专区；9月5日，国务院决定设立沧州市，以原沧县所属沧镇的行政区域为沧州市的行政区域，属天津专区；12月20日，撤销沧州市，将其所辖行政区域并入沧县；12月22日，撤销天津专区，沧县划归天津市。1961年5月23日，恢复设立沧州专区；7月9日，复设沧州市，属沧州专区。1967年12月，沧州专区改称沧州地区，沧州市属沧州地区。1983年11月15日，沧州市升为地级市，由省直辖；沧州地区所辖的沧县划归沧州市。1986年4月5日，沧州地区所辖的青县划归沧州市。1993年6月19日，经国务院批准，实行地、市合并，撤销沧州地区，其所辖的泊头、任丘、黄骅、河间4市及肃宁、献县、吴桥、东光、南皮、盐山、海兴7县和孟村回族自治县划归沧州市。,沧州市,https://dmfw.mca.gov.cn/,中国·国家地名信息库,1958年，经国务院批准撤销仓镇，设立沧州市。以古沧州得名。,high,中国·国家地名信息库,official,8f12ed40816f870ecb2354cb75b039290f8408b441cfbb153cf317e6f9d523b6,2026-07-13T03:40:04.793505+00:00,2026-07-13T03:40:04.793505+00:00
a1c6cf6b1f45b3b36c3bf8054099fa0fec47409f,52feb0a0ae2cabd0a8afa8506ea07d7efb163d71,803e371f6ea4cf6626f7eae78359ca59,廊坊市,河北省,廊坊市,,地级行政区,1988年9月，国务院批准，撤销廊坊地区和廊坊市（县级），廊坊地区改为廊坊市（地级）。,廊坊的地名来历有两种说法，一说此地原为村落，最初称为琅珐，以寺得名，后谐音为郎房。一说是在五代十国时期，此地一名叫吕琦的人作过兵部侍郎，并在这里修建了一所大宅院，老百姓称其为“侍郎房”，后简化为郎房。该名称最早见于清乾隆《东安县志》。清光绪二十三年（1897）兴建京山铁路，在此设站，遂居民渐增，形成集镇。民国三年《安次县志》改称郎房为廊房。1931年，商务印书馆出版的《中国古今地名大词典》刊为”廊坊镇，即郎坊镇“。此后，以廊坊二字标写地名者越来越多，直至1961年廊坊设镇时确立了此名。,西汉置安次县，治今市西北古县村，属勃海郡。唐开元二十三年（735）移今市西旧州镇，属幽州。辽属析津府。金属大兴府。元中统四年（1263）安次县升为东安州。明洪武元年（1368）降州为县。1914年因与湖南省东安县重名，复改安次县。1928年属河北省。1937年属晋察冀边区。1948年迁驻廊坊。1949年划归河北省，名天津专区新中国成立后，廊坊的行政隶属多次改变，是全国行政区划变化最多的城市之一。辖区的各县在1950年后分属过北京市、天津市、河北省3个省级单位。1973年12月，国务院批准，天津地区更名为廊坊地区，驻地仍在廊坊镇。1974年1月，正式起用廊坊地区名称。1979年3月，廊坊地区辖三河县、大厂回族自治县、香河县、安次县、固安县、永清县、霸县、文安县、大城县。1981年12月7日，国务院批准，撤销廊坊镇，设立廊坊市（县级），以安次县的廊坊镇及尖塔、桐柏、北旺3个公社为廊坊市的行政区域，隶属廊坊地区行政公署。1982年3月1日，廊坊市（县级市）正式建立。廊坊地区辖廊坊市、三河县、大厂回族自治县、香河县、安次县、永清县、固安县、霸县、文安县、大城县。1983年，国务院批准，撤销安次县，并入廊坊市（县级）。廊坊地区辖廊坊市（县级）、三河县、大厂回族自治县 、香河县、永清县、固安县、霸县、文安县、大城县。1988年9月，国务院批准，撤销廊坊地区和廊坊市（县级），廊坊地区改为廊坊市（地级）。廊坊市（县级）改为安次区。1989年4月1日，廊坊市正式建立，驻地廊坊，辖安次区、三河县、大厂回族自治县、香河县、永清县、固安县、霸县、文安县、大城县。1990年2月20日，撤销霸县建制，建霸州市（县级），辖域不变。廊坊市辖安次区、霸州市、三河县、大厂回族自治县、香河县、永清县、固安县、文安县、大城县。1993年4月28日，三河撤县建市（县级），辖域不变。时廊坊市辖：安次区、三河市、霸州市、大厂回族自治县、香河县、永清县、固安县、文安县、大城县。2000年10月，析安次区建广阳区。廊坊市辖：安次区、广阳区、三河市、霸州市、大厂回族自治县、香河县、永清县、固安县、文安县、大城县。,廊坊市,https://dmfw.mca.gov.cn/,中国·国家地名信息库,1988年9月，国务院批准，撤销廊坊地区和廊坊市（县级），廊坊地区改为廊坊市（地级）。,high,中国·国家地名信息库,official,d5db8396d51d94103df92db6ed23c4cfe10f63a663d08b53e46955bfddd4cb82,2026-07-13T03:40:11.019598+00:00,2026-07-13T03:40:11.019598+00:00
1c83b0e0fc311f81f35aad41682a57c6c9ef7df7,86c639a278951449ad92ff06f72ee7e4f84f27e5,44d19de0e8fb1415dcb02f0fca925399,衡水市,河北省,衡水市,,地级行政区,1982年，经国务院批准撤销衡水镇，设立衡水市。以市人民政府驻衡水而得名。,《禹贡》称漳水为“衡漳”，汉代经学家孔安国注：衡，横也，言漳水横流也。郦道元《水经注》称之为“衡水”。,春秋为齐、卫、晋等国边地。战国分属齐、赵、中山、燕四国。秦先属钜鹿郡，后属河间郡。西汉置信都国，余为清河、钜鹿、渤海、涿郡及河间国。东汉改信都国为安平国。三国魏改安平郡。西晋改为长乐国。北魏改长乐郡，属冀州。隋代复信都郡，并析信都、下博、武邑等县置衡水县（治今衡水旧城村）。唐改信都郡为冀州，余深、景等州。宋金属河北东路。元属真定路冀、晋、深州及河间路景州地。明清为冀、深、景诸州。1913年，为直隶省大名、保定、津海三道辖地。1928年，直隶河北省。1938年后，属晋察冀边区冀中、冀南两区。1949年，始置衡水专区。1952年11月，撤销衡水专区，属县划归邢台、石家庄、沧州专区及山东省德州专区。1962年，复置衡水专区。1967年，改称衡水地区。1964年，衡水县城建为衡水镇。1982年，撤镇为县级衡水市。1983年，衡水县并入衡水市，属衡水地区。1996年，撤销衡水地区，设地级衡水市；撤销原县级衡水市，设立桃城区，为衡水市辖区。2016年，设立冀州区，撤销冀州市，为衡水市辖区。,衡水市,https://dmfw.mca.gov.cn/,中国·国家地名信息库,1982年，经国务院批准撤销衡水镇，设立衡水市。以市人民政府驻衡水而得名。,high,中国·国家地名信息库,official,e09c2c8db19edabb6a3ce6e2d3051be7fa2d62cc634fbe29348a55e66ddd3394,2026-07-13T03:40:17.532751+00:00,2026-07-13T03:40:17.532751+00:00
e9c3c08e132e222de61b96d5f2871a903b316f86,3de7a0fdf39dad667389d315caadd1053064960f,a63bcec0f036403a852844f026f57c5d,太原市,山西省,太原市,,地级行政区,“太原”作为地名称谓，出现于春秋以后。战国时，太原作为赵地，都晋阳。秦庄襄王二年（前248），秦将“蒙骜攻赵，定太原”，次年“初置太原郡”。治所晋阳，为太原置郡之始。宋、金、元、明、清时期，“太原”广义上指太原府，狭义则专指在唐明镇基础上发展起来的太原城。,“太原”大平原之意（古“大”与“太”通用）。“广平曰原”，太原就是“原之大者”。山西全境不少崇山峻岭，唯汾河两岸，形成几块盆地，所以古代汾河流域泛称为“太原”。,秦代置太原郡，郡治晋阳。汉初先后为韩国、代国、太原国。汉武帝复为太原郡。东汉因之，属并州。三国魏、西晋为太原国，后改太原郡，属并州。北魏因之。东魏、北齐以晋阳为陪都。隋代为并州，后改太原郡。唐代为并州，属河东道。天授元年（690），武则天加号晋阳为北都。开元十一年（723），升北都太原府。天宝元年（742），改北京太原府。五代后唐初为西京，旋改北京。北汉刘崇称帝为国都。宋太平兴国四年（979），太原府降为并州，焚毁晋阳，迁治唐明镇，新建并州城，即今太原城区，属河东路。景祐四年（1059），置太原府。金为太原府，属河东北路。蒙古太祖十一年（1216），置太原路，直隶中书省。大德九年（1350），因太原路地震，改冀宁路，属河东山西道宣慰司。明洪武二年（1369），为太原府，属山西行中书省，九年（1376），属山西等处承宣布政使司。清为太原府，属山西省。1912年，太原府废。1913年，属中路道，以阳曲为治所，属山西省。1914年，改属冀宁道。1927年，置太原市，为省辖市。1949年3月，太原市人民政府在榆次组建，4月24日，太原解放，市人民政府迁至市内精营东边街。1951年4月，晋源县划属太原市。1955年，市政府驻地迁至新建路。1957年4月，新城、小店、万柏林、晋源合并为郊区。1958年，阳曲县划归太原市。1972年3月，娄烦县划入。,太原市,https://dmfw.mca.gov.cn/,中国·国家地名信息库,“太原”作为地名称谓，出现于春秋以后。战国时，太原作为赵地，都晋阳。秦庄襄王二年（前248），秦将“蒙骜攻赵，定太原”，次年“初置太原郡”。治所晋阳，为太原置郡之始。宋、金、元、明、清时期，“太原”广义上指太原府，狭义则专指在唐明镇基础上发展起来的太原城。,high,中国·国家地名信息库,official,1ef2e46aeceb07f11c9737bf92ce3f1097027aeb0ac5c3f797aa61f7302140eb,2026-07-13T03:40:25.236866+00:00,2026-07-13T03:40:25.236866+00:00
bd12533e9209b66496d234f5d5c335062f196d07,ad9266a0e83ec7b5c2c4bc66e2c49ff5c8dd844f,d5acdee27b182df0d0fdbd1e3b4d75be,大同市,山西省,大同市,,地级行政区,1949年，析大同县城、郊置大同市。以市人民政府驻大同而得名。,辽时，大同区域所在之地为辽宋交锋之前沿，以“大同”做为地名，体现出共存共荣和谐的“大同”世界是各民族共同的追求。,春秋时为北狄所居。战国时，初为代国，后并入赵地，赵武灵王筑长城，置云中、雁门、代郡。其地为雁门郡，东属代郡。秦始皇二十六年(前221)，为雁门、代郡之地。拓跋珪于公元398年自盛乐迁都平城，称帝，改元天兴，并置司州代尹，治代都平城。北齐天保七年(556)，改北恒州为恒安镇(今大同)，天宝元年(742)，改云州为云中郡。唐咸通十年(869)，置大同军节度。辽重熙十三年(1044)，改云州为西京，设西京道大同府。重熙十七年(1048)，析云中，置大同县，为辽之陪都。元至元二十五年(1288)，改西京道大同府为大同路。明洪武二年(1369)，改大同路为大同府。永乐七年(1409)，置大同镇。雍正三年(1725)，置朔平府，右玉、朔州、左云、平鲁划归。大同府治大同县，辖浑源州、应州、大同、怀仁、山阴、阳高、天镇、广灵、灵丘7县和丰镇厅。1912年，大同废府留县。1914年，置雁门道，、道尹公署驻大同县。1927年，废道后，大同县直属山西省，县辖5个行政区。1937年10月15日，成立伪“晋北自治政府”，隶属伪“蒙疆联合委员会”，统辖雁北13县。1940年7月，晋东北设两个专区。1943年2月，又改为伪“大同省公署”，隶属伪“蒙疆自治邦政府”。1945年8月日本投降，同年11月成立察哈尔、热河两省，县级政权恢复抗日战争前䢖制。1947年秋，冀晋区和察哈尔省合并为北岳区。1948年，晋绥边区五专区：辖大同、怀仁、山阴、朔县、左云、右玉、平鲁7县(另辖绥南3县)。1948年12月，五专区改为雁北专区。1949年5月1日，大同和平解放，析大同县城、置大同市，隶属察哈尔省，大同市分5个区。1949年10月，东、西雁北合并，划归察哈尔省，设雁北专署，辖灵丘、广灵、浑源、应县、山阴、大同、怀仁、朔县、平鲁、右玉、左云等县。1952年12月，大同市辖一、二、三区和口泉矿区。1954年7月，大同县与怀仁县合并为大仁县。1958年6月，市隶属雁北专区。1959年1月23日，雁北与忻县合并为晋北专区，大同市隶属晋北专区。雁北合并为阳高、浑源、灵丘、左云、山阴、朔县6县。1961年7月24日，晋北专区撤销，大同市复归雁北专区领导，辖城区、口泉区、古城区、怀仁区；同年11月，复归山西省直辖。1962年，雁北又恢复13个县的设置。1964年11月，撤销古城区、怀仁区，恢复大同县、怀仁县。市辖两区、两县。1965年7月，将大同、怀仁二县划归雁北专区。1966年2月，将城区、口泉区所辖农业区划出，成立郊区，大同市辖三个区。1970年4月，大同市划归雁北领导；9月，建立矿区；10月，成立南郊区、北郊区和口泉镇。1971年，北郊区改为新荣区。1972年3月，复为省辖市，辖城区、矿区、南郊区、新荣区4个区。1989年1月，朔州市成立，雁北管辖的平鲁、朔县、山阴划归朔州市。1993年7月10日，雁北地区撤销，地市合并，怀仁、应县、右玉三县划归朔州市，将天镇、阳高、广灵、灵丘、浑源、左云、大同7县划规大同市，实行市管县。大同市辖城区、矿区、南郊区、新荣区4区7县。2018年2月9日，国务院同意山西省调整大同市部分行政区划，同意撤销大同市城区、南郊区、矿区，设立大同市平城区、云冈区；同意撤销大同县，设立云州区。至今大同市管辖四区六县，平城区、云冈区、新荣区、云州区、浑源县、灵丘县、广灵县、阳高县、天镇县、左云县。,大同市,https://dmfw.mca.gov.cn/,中国·国家地名信息库,1949年，析大同县城、郊置大同市。以市人民政府驻大同而得名。,high,中国·国家地名信息库,official,1beb103e6010e57785b65b1a6603af8257dae7f0f72f99b4d0d6326c36c26749,2026-07-13T03:40:34.972916+00:00,2026-07-13T03:40:34.972916+00:00
ea7fd3379b8cf7996121f30d0c7b47df0ea9f41e,0b747de5fe7fa0e11694b0824c57ebb6cd6045e9,aec78051509944084b7dbbcf01c34386,阳泉市,山西省,阳泉市,,地级行政区,1947年，设立阳泉市。以市人民政府驻阳泉而得名。,“阳泉”之名，始见于金大定二十六年（1186），重修灵瞻王庙（今大阳泉村西的蒲台山神庙）之碑文中出现的“阳泉里”。宝佑五年（1257），南宋元好问流寓平定期间，曾做五言诗《阳泉栖云道院》，诗名即提到“阳泉”二字。元元统二年（1334），今阳泉境内柳沟村六泉庙的碑文中也出现有阳泉村名的记载。之后，曾在平定任过知州的曾商增和吴安祖也均有诗作提及阳泉。据清光绪版（1882），《平定州志》卷二《舆地·山川》载：“古代，大阳泉村一带有多处泉水自平地涌出，俗称‘漾泉’，漾者，言其水波荡动也，后谐音为阳泉。”,光绪三十二年（1906）10月，山西第一条铁路正太线（1940年改名为石太线）通过境内并设站，因车站位于大阳泉村与小阳泉村的东北侧，起名叫阳泉站。1936年，车站周围形成集镇。1947年5月2日阳泉解放，同年5月4日，建立阳泉市，属晋察冀边区二专区。后华北人民政府成立，划归华北政府管辖。1949年1月，阳泉市归属河北省石家庄市代管。1949年9月，阳泉市归属山西省直辖，更名为阳泉工矿区，级别为县级，归属山西省榆次专区。1950年2月，阳泉工矿区复名阳泉市，级别为地级，归属山西省直辖。1952年恢复市建置）数度由晋中（榆次）地区（专署）代管，平定县、盂县则属晋中（榆次）地区（专署）。先后置城区、郊区和矿区。1958年8月，平定县划归阳泉市，阳泉市归属榆次专区；同年11月10日，昔阳县、盂县划归阳泉市。1959年6月，昔阳县、盂县从阳泉市分出，归回晋中专区。1961年4月，平定县也从阳泉市分出，归回晋中专区。1961年12月，阳泉市复属山西省直辖。1970年3月，阳泉市再次划归晋中地区。1972年3月，阳泉市又归属省直辖。1983年7月，平定、盂县划归阳泉市。1983年9月，实行市管县体制，平定县、盂县划归阳泉市，阳泉市成为由山西省直辖的下辖两县（平定、盂县）三区（城、矿、郊）的城市。,阳泉市,https://dmfw.mca.gov.cn/,中国·国家地名信息库,1947年，设立阳泉市。以市人民政府驻阳泉而得名。,high,中国·国家地名信息库,official,93d673e28978a3951e77ade4d244b7f1739900d90bec45a33100147e4ef92b7c,2026-07-13T03:40:41.770573+00:00,2026-07-13T03:40:41.770573+00:00
55ddeb79511bd47bd61c204297a4a9fd94b5fef1,878d10357e1ad007ee773032f41620a4cdc27178,bbf9d12a153c9e32a120ddf6af7c828,长治市,山西省,长治市,,地级行政区,1945年，由长治县析设长治市。沿用长治县名。,长治的名称始见于明嘉靖八年（1529），明朝廷平定了陈卿领导的农民起义后，升潞州为潞安府，附郭设置长治县，取“长治久安”之意，长治之名由此而来。,长治市古为“上党”、“潞州”地域，殷商时为黎国。春秋时，曾为潞子婴儿国，后并于晋国。战国时，属韩国。周显王二十一年（前348），韩首置上党郡，后归赵国。秦王政二十六年（前221），秦统一六国后，实行郡县制，分天下为36郡，上党郡即为其中之一。东汉沿用秦制，上党郡属并州。建安十八年（213），上党郡入冀州。三国魏黄初元年（220），上党郡复归并州。西晋永兴元年（304），上党郡属前赵，西晋末年归后赵。后上党郡归西燕。东晋太和五年（370），苻坚灭燕，上党郡入后秦。太元十一年（386年），慕容永称帝于长子，上党郡归之。北周建德七年（578），分上党郡置潞州（是为潞州建置之始），上党郡属焉。州得名，因潞子之国。隋开皇三年（583），上党郡废，移潞州于壶关。大业元年（605），改潞州为上党郡，隶冀州。唐武德年间，改上党郡为潞州，并置都督府。开元十七年（729），以玄宗历试尝在潞洲，置大都督府，并置上党郡。开元二十一年（733），潞州、上党郡属河东道。大历元年（766），置昭义军。五代后唐庄宗初，置潞州。后梁末帝时，改为匡义军，岁余，后唐灭后梁，改为安义军。后晋时期，复为昭义军；后汉、后周因之。北宋太平兴国初，改昭义军为昭德军，后为潞州。元丰年间为隆德府、大都督府、上党郡、昭义军，隶河东路。建中靖国元年（1101），昭义军改为威胜军。崇宁三年（1104），复为隆德府，后为昭德军。金时期，潞州隶河东南路，天会六年（1128），置潞南辽沁观察处。元代潞州属晋宁路。初为隆德府（行都元帅府事）。太宗三年（1231），复为潞州，隶平阳路。明洪武元年（1368），沿用元制。初，潞州隶行中书省布政使司；洪武二年（1369），直隶山西行中书省；九年（1376），直隶山西布政使司。嘉靖八年（1529）二月，升潞州为潞安府，设潞安兵备，分巡冀南道，治潞安。清代沿用明制，潞安府治今长治城。1912年，实行省、道、县3级制，废潞安府，原潞安府所领各县均属冀宁道，4月，于今长治市置潞泽辽沁镇守使署。1916年改为潞泽辽沁营务处。1924年，撤销营务处。1930年，撤销冀宁道，各县直隶山西省。1937年，山西省政府（阎锡山政权）置第三、第五专区。抗日战争时期，中国共产党以太行、太岳山为依托，建立了抗日根据地。1945年10月8日，长治解放，以原长治县为中心，设立长治市，隶属晋冀鲁豫边区太行行署三专区，长治市下设三区；当月中旬，长治市（县级）建立，隶太行四专区。1946年6月，长治市升为地级市，直隶太行区。1949年9月，太行三专区与太岳以专区合并为长治专区，辖长治市，直隶山西省，专署驻长治城，管辖范围不变。1950年3月，长治市改为长治工矿区（县级），区政府驻上南街炉坊巷，并从长治、潞城、襄垣、屯留等县划入72个村，分南北两片，南为城郊区，直属工矿区领导，北为黄碾办事处。工矿区从长治县划入的有19个村；黄碾办事处从潞城划入的有11个村，襄垣划入的有4个村，屯留划入的有3个村。1952年3月，工矿区复为长治市，并恢复为地级市，由长治专区代管。1953年7月1日，长治市改由山西省直辖。1958年，长治专区改为晋东南专区，代管长治市，同年9月，先后将潞安县和屯长县大部分并入长治市，下设2个联社(屯留联社、长子联社)和9个人民公社（荫城、苏店、潞城、黄碾、城郊、淮海、惠丰、长钢、潞矿）。1959年6月，屯长县划出，区划调整为2个联社（韩店联社、黄碾联社）和2个人民公社（工农联盟、海丰）。1962年，恢复原长治县和潞城县。1945年到1998年的50多年间，曾先后经历了作为山西省辖市由长治专区代管和晋东南行署隶属等多次行政区划的调整变动。2018年6月19日，国务院批准山西调整长治市部分行政区划：撤销城区、郊区合并设立长治市潞州区；撤销长治县，设立长治市上党区；撤销屯留县，设立长治市屯留区；撤销潞城市，设立长治市潞城区。同年11月23日，长治市四区正式挂牌成立。,长治市,https://dmfw.mca.gov.cn/,中国·国家地名信息库,1945年，由长治县析设长治市。沿用长治县名。,high,中国·国家地名信息库,official,7202e1a70859f82f305f392a130330a5be8ed4382d1fcee63f2462c63cce262d,2026-07-13T03:40:47.697450+00:00,2026-07-13T03:40:47.697450+00:00
a8f725efb1061e96d562cabd6ec397fe19f5b4f3,2a6e8cbfb2f43aca08c055357060af447c879a59,733fd67b92be051dc43fb08f5feed6d9,晋城市,山西省,晋城市,,地级行政区,唐武德三年（620），分丹川置晋城县。1983年，晋城县改县级晋城市。1985年，设地级晋城市。,《太平寰宇记》载：“赵、魏、韩三家分晋，迁晋静公到此，故曰晋城。”,古称建兴、泽州、泽州府，又名凤台。唐武德三年（620），分丹川置晋城县，属建州。六年（623），废建州，改隶盖州。贞观元年（627），废盖州，泽州治移晋城（今晋城市老城）。天宝元年（742），改泽州为高平郡。乾元元年（758），复名泽州，属河东道。宋代为泽州，属河东路。金天会六年（1128），改南泽州。天德三年（1151），复名泽州，属平阳府。元代属晋宁路。明洪武元年（1368），属平阳府；二年，改直隶州，隶山西省布政使司。清雍正六年（1728），升泽州府，州治凤台县（今晋城市老城）。1912年，废泽州府。1913年，属中路道。1914年，属冀宁道，同年凤台县改晋城县。1927年，废道。1937年，属山西省第五行政区。1941-1943年，分属晋冀鲁豫边区太岳区第二、四专区。1948年，属太岳区二、三专区。1949年10月，属长治专区。1958年，属晋东南专区。1967年，属晋东南地区。1983年7月，晋城县改县级晋城市。1985年，撤晋东南地区，分设地级晋城市。,晋城市,https://dmfw.mca.gov.cn/,中国·国家地名信息库,唐武德三年（620），分丹川置晋城县。1983年，晋城县改县级晋城市。1985年，设地级晋城市。,high,中国·国家地名信息库,official,64eb013f1947880e9b8abb984a01dc63dbfaa03ae808075fcd2e044516e8bd6d,2026-07-13T03:40:53.607887+00:00,2026-07-13T03:40:53.607887+00:00
a74b50203ee2ec316f12a54d89e11e7e131c26e0,b040976096c9798a901763673aa55302e22ae950,b84831991af61536d06d043647db4f3e,朔州市,山西省,朔州市,,地级行政区,1989年，成立朔州市，为省辖地级市。以北魏所置朔州名命名。,因位于中原北部靠近草原大漠得名。“朔”，《尔雅·释地》中有北方的意思，意指长城以北。,战国时期，赵武灵王破林胡、楼烦后，置云中、雁门、代三郡，雁门郡治在今右玉县右卫镇，同时在今朔城区南梵王寺村置新城。秦代属雁门郡和代郡。雁门郡治善无，辖境内善无、马邑、楼烦3县；代郡辖境内班氏县。汉代在雁门郡新置沃阳、中陵、剧阳、汪陶、阴馆、繁畤5县。东汉建武二十七年（51），定襄郡移治善无，撤沃阳县，将善无、中陵划入定襄郡。雁门郡移治阴馆。三国魏黄初二年（221），雁门郡移治今代县境内，辖南部汪陶、繁畤、阴馆、楼烦、马邑，北部为羌胡和鲜卑游牧地。西晋永嘉四年（310），刘琨将陉（今雁门关）北5县之民迁到陉南，境内成为鲜卑拓跋猗卢游牧地。十六国时期为多民族游牧地，后赵、前燕、前秦、后燕所设之雁门郡领境内汪陶、繁畤、马邑3县。北魏初都平城，在畿内设司州（迁都洛阳后改为恒州），司州辖善无郡领善无县；繁畤郡领繁畤县；桑干郡领桑干县；平齐郡领怀宁、归安2县；梁郡为梁郡公封地；马邑县直隶司州。东魏天平二年（535），恒州以及所领郡县均寄治今忻州境内，武定三年（545），复置新城，治今朔城区梵王寺。北齐天保六年（555），朔州从今内蒙古境内寄治新城，为与侨置寿阳县的朔州区别称北朔州，八年，北朔州迁治马邑，旋改马邑为招远县。北朔州辖境内广安郡（治招远县）、长宁郡、平齐郡。隋大业元年（605），改招远为善阳，三年，罢北朔州置代郡，寻改代郡为马邑郡，治所均在善阳，辖境内善阳、神武2县。唐初改马邑郡为朔州。开元五年（717），析善阳县置马邑县（今朔城区马邑村）。天宝元年（742），朔州又改为马邑郡。乾元元年（758），复改为朔州。唐末晋王李克用析云州置应州，辖境内金城县。五代后唐天成元年（926），马邑县升寰州，治寰清县（州县同治）。后唐清泰三年（936），石敬瑭将朔州、寰州、应州割让给契丹，境内属辽。辽西京道大同府辖境内怀仁；朔州（治鄯阳，改善为鄯），辖鄯阳、马邑；应州辖境内金城、河阴。金大定七年（1167），河阴更名为山阴。元至元二十五年（1288），复改西京路为大同路。明代属大同府，州城不置县，罢鄯阳、金城，朔州领马邑县；应州领山阴县。清雍正三年（1725），析大同府置朔平府，治右玉县，辖境内朔州（领马邑县）、右玉县（改右玉林卫为县）、平鲁县（改平鲁卫为县），八年，山阴直属大同府，应州不再领县。嘉庆元年（1796），马邑撤县为乡并入朔州。1912年，废府州为县，朔州称朔县、应州称应县，与右玉县、平鲁县、怀仁县、山阴县均直属山西省，是年，马邑复置为县。1914年，境内各县均属雁门道（治大同）；是年，马邑县复并入朔县。1927年，境内各县又直属山西省。1937年，境内县城相继沦陷，国民政府逃亡，中国共产党及其领导的八路军创建晋绥、晋察冀边区，在山区成立抗日民主政府，政区演变复杂。解放战争时期境内各县属雁北地区管辖。1949年9月，属察哈尔省雁北专区。1952年，察哈尔省撤销，重归山西省。1954年7月，大同县与怀仁县合并为大仁县。1958年，雁北专区与忻县专区合并为晋北专区，右玉并入左云县、应县并入山阴、平鲁并入朔县；大仁县并入大同市为大仁区，后又由大仁区改为怀仁区。1961年，恢复雁北专区右玉县、应县、平鲁县。1964年12月，复置怀仁县。1965年5月，怀仁县划入雁北专区。1971年，雁北专区改为雁北地区。1988年3月，批准成立朔州市，为省辖地级市，辖朔城区（原朔县）、平鲁区（原平鲁县）和山阴县，市政府驻朔城区。1993年7月，雁北地区撤销，怀仁、应县、右玉三县划归朔州市。2018年8月8日，怀仁县撤县设县级市，由朔州市代管。,朔州市,https://dmfw.mca.gov.cn/,中国·国家地名信息库,1989年，成立朔州市，为省辖地级市。以北魏所置朔州名命名。,high,中国·国家地名信息库,official,9d55069777d5db7e679f2f7840bb49b876faecaeca2d25b837818d7225221a44,2026-07-13T03:40:59.670156+00:00,2026-07-13T03:40:59.670156+00:00
02e4631418dc7575404074b36ff0e5fdccae225f,a4068338a878dac92bba27c28c632fab391434de,d8783d16d4afa3aa0bca964524d9e6b8,晋中市,山西省,晋中市,,地级行政区,因地理位置得名。1999年，设立晋中市。,因位于山西中部，故名“晋中”。,春秋时期属晋国。战国时期属赵国。秦代属太原郡、上党郡。东汉析置乐平郡，属并州。三国时归魏国并州统辖，分隶于太原、上党、西河、乐平4郡。北魏为并州所属太原、乡郡、乐平、上党4郡和汾州所属西河郡地。隋代属并、介、韩、辽、吕5州，后属太原、介休、霍山3郡。唐武德元年(618)，改属并州总管府。开元十一年(723)，属太原府，南部属汾州，东部置辽州。北宋嘉祐四年(1059)，属太原府。金代分属河东北路的太原府、晋州、平定州、汾州和河东南路的辽州。元代属冀宁路和晋宁路。明洪武元年(1368)，改属太原府，东部置辽州，南部属汾州、平阳府。清代分属太原府、汾州府、辽州、霍州。1914年，属冀宁道。1927年，废道，直属山西省。1937年，分属第三、四、六行政区。抗日战争全面爆发后，八路军开赴山西创立敌后抗日根据地，分属晋察冀、晋冀鲁豫、晋绥边区政府。1948年，属华北区太行一专区、太岳一专区和晋中一、三专区。1949年，设榆次专区。1951年，撤销汾阳专区，原辖交城、文水、汾阳、孝义、清源、徐沟6县划归榆次专区。次年又划入临县、离石、方山、中阳4县。1958年，更名晋中专区。1961年，阳泉市划出，恢复孝义、灵石、祁县、平定4县，共辖20县。1968年，更名晋中地区。1971年，孝义、文水、交城、汾阳、离石、中阳、临县7县划归吕梁地区。1983年，平定、盂县2县划属阳泉市。1999年9月，撤销晋中地区，设立地级晋中市，所属榆次市改榆次区。,晋中市,https://dmfw.mca.gov.cn/,中国·国家地名信息库,因地理位置得名。1999年，设立晋中市。,high,中国·国家地名信息库,official,b2ae364490d4476daff59e06c437adc99cf8d1d336b2531a4187cc675f90927d,2026-07-13T03:41:05.881799+00:00,2026-07-13T03:41:05.881799+00:00
972916364ad2b0e26d02506d2497313ae5b2cd8b,f518a244c7d5ca00bde73a594626d7535e206425,df3a74d0de67fcede29b7c30e98aff07,运城市,山西省,运城市,,地级行政区,2000年，经国务院批准撤销运城地区，设立运城市。因市人民政府驻运城而得名。,清乾隆《运城志》:“因运司驻札，故名运城。”,战国时称盐氏。秦属河东郡，郡治在境内夏县禹王城。汉属司隶校尉；设司盐都尉治此，因名司盐城。三国魏、西晋因之。北魏为河东郡、北乡郡、邵郡、高凉郡、正平郡，分属泰州、东雍州。北周改泰州为蒲州，改东雍州为绛州。隋改州为郡，属河东郡、绛郡地。唐代为绛州、蒲州地，蒲州一度升河中府，置中都，统属河东道；沿黄河部分县属河南道陕州。后汉乾祐元年（948）置解州。北宋南部为河中府、解州、陕州地，属永兴军路；北部为绛州地，属河东路。金为河中府、绛州、解州地，属晋宁路。明为蒲州、绛州、解州地，属晋宁路。元至元二十九年（1292）筑城为盐运使司驻地，始名运城。元延祐六年（1319），为河东陕西等处都转运盐运司。元至正丙申（1356）年八月，盐运使那海德俊始筑新城，名凤凰城，因运司驻扎，又称运司城，亦名运城。明为蒲州、绛州、解州地，属平阳府。清雍正二年（1724）绛州、解州升直隶州，雍正六年（1728）蒲州升为蒲州府。1912年废府、州，属河东道。1927年废道，县直属于山西省。1937年属山西省第七行政区。1949年属运城专区。1954年与临汾专区合并为晋南专区。1955年，运城镇并入安邑县。1958年，安邑解虞、永济、临猗四县并设运城县，1960年和1961年，分别析出临猗、永济两县。1967年，属晋南地区。1970年，晋南地区撤销，分置运城地区。1983年，改设运城市(县级)。2000年6月，经国务院批准撤销运城地区和县级运城市，设立地级运城市；原运城地区所辖运城、河津、永济三市和闻喜、新绛、平陆、垣曲、绛县、稷山、芮城、夏县、万荣、临猗等十县划入；原县级运城市改置盐湖区。,运城市,https://dmfw.mca.gov.cn/,中国·国家地名信息库,2000年，经国务院批准撤销运城地区，设立运城市。因市人民政府驻运城而得名。,high,中国·国家地名信息库,official,afd74aebbad4f4aa6ffbded0b7bc4d8864e7b3f845d588464ce077c08a9e398b,2026-07-13T03:41:12.773173+00:00,2026-07-13T03:41:12.773173+00:00
ec6abdc7984888b063738e39da75792caa5bcf14,997ff3ef0bc35e7ea31112b24ac4988499463323,deec4193e47acf14bdc7f6bcf0d72297,忻州市,山西省,忻州市,,地级行政区,2000年，经国务院批准撤销忻州地区和县级忻州市，设立地级忻州市。名称来历有二说。,忻州一名来历含义有二说：一说，相传汉高祖北上抗击匈奴，兵困平城（今大同），突围时大军南撤，到忻口方摆脱追兵。高祖破愁而笑，六军欣然如归，因“欣”通“忻”，忻州之名由此而生。另一说，据（清）李吉甫《元和郡县志》：因州界忻川口为名也。,隋开皇十八年（598）新兴郡改忻州。大业四年（608）罢州设楼烦郡，治静乐。唐武德元年（618）置忻州，治秀容（今忻府区）。天宝元年（742）忻州改定襄郡。乾元二年（759）复名忻州。清雍正二年（1724）升忻州、代州、保德州为直隶州。1913年，属雁门道。1927年直属山西省。1949年设忻县专区，西部属兴县专区。1952年将原兴县专区辖兴县、五寨、神池、河曲、保德、岢岚、岚县、偏关8县划归忻县专区。1958年撤忻县专区和雁北专区，合并为晋北专区，阳曲县划归太原市。1961年复置忻县专区。1967年更名忻县地区。1971年兴县、岚县划归吕梁地区。1983年忻县改忻州市（县级），同时更名忻州地区。1992年原平县改市（县级）。2000年经国务院批准撤销忻州地区，设立地级忻州市；撤销县级忻州市，设立忻府区。,忻州市,https://dmfw.mca.gov.cn/,中国·国家地名信息库,2000年，经国务院批准撤销忻州地区和县级忻州市，设立地级忻州市。名称来历有二说。,high,中国·国家地名信息库,official,ac49d02bc6c69c524b9d435b76858b54989dc232ff092a3546728e10a1ba881e,2026-07-13T03:41:18.866691+00:00,2026-07-13T03:41:18.866691+00:00
