reviewed_at,id,place_id,code,name,full_name,level,province,city,county,previous_status,attempt_count,error,review_category,review_note,suggested_next_action,resolution_status,resolved_at,resolution_source_url,resolution_note
2026-07-14T07:04:35.843434+00:00,origin:f26364216b3c1987824744116391885f0348a409,f26364216b3c1987824744116391885f0348a409,130372,北戴河新区,河北省/秦皇岛市/北戴河新区,county,河北省,秦皇岛市,北戴河新区,failed,4,国家地名信息库未找到符合过滤条件的候选,nonstandard_or_functional_area,"Functional zone, scenic area, island/reef area, new district, or administrative committee; may not match standard county-level geonames scope.",Keep needs_review; decide whether to exclude from origin queue or supplement from local/statistical sources.,manual_source_imported,2026-07-21T03:16:52.501642+00:00,https://www.bdhxq.gov.cn/,Imported into place_knowledge.csv from manually verified source.
2026-07-14T07:04:35.843434+00:00,origin:7c01ec1a0a1a3a4a49b2370407f9e3db791b58fa,7c01ec1a0a1a3a4a49b2370407f9e3db791b58fa,130473,邯郸冀南新区,河北省/邯郸市/邯郸冀南新区,county,河北省,邯郸市,邯郸冀南新区,failed,4,国家地名信息库未找到符合过滤条件的候选,nonstandard_or_functional_area,"Functional zone, scenic area, island/reef area, new district, or administrative committee; may not match standard county-level geonames scope.",Keep needs_review; decide whether to exclude from origin queue or supplement from local/statistical sources.,manual_source_imported,2026-07-21T03:16:52.501642+00:00,https://www.jinanxinqu.gov.cn/,Imported into place_knowledge.csv from manually verified source.
2026-07-14T07:04:35.843434+00:00,origin:93e62a9ab3dc5dcac91b66cc7f92402937e0bd72,93e62a9ab3dc5dcac91b66cc7f92402937e0bd72,130672,保定白沟新城,河北省/保定市/保定白沟新城,county,河北省,保定市,保定白沟新城,failed,4,国家地名信息库未找到符合过滤条件的候选; review_category=nonstandard_or_functional_area,nonstandard_or_functional_area,"Functional zone, new city/new district, scenic area, island/reef area, or administrative committee; may not match standard county-level geonames scope.",Keep needs_review; decide whether to exclude from origin queue or supplement from local/statistical sources.,manual_source_imported,2026-07-21T03:16:52.501642+00:00,https://bgxc.gov.cn/,Imported into place_knowledge.csv from manually verified source.
2026-07-14T07:04:35.843434+00:00,origin:d2dd6258500f8123c4e72c7e47399831f374c545,d2dd6258500f8123c4e72c7e47399831f374c545,130973,沧州渤海新区,河北省/沧州市/沧州渤海新区,county,河北省,沧州市,沧州渤海新区,failed,4,国家地名信息库未找到符合过滤条件的候选,nonstandard_or_functional_area,"Functional zone, scenic area, island/reef area, new district, or administrative committee; may not match standard county-level geonames scope.",Keep needs_review; decide whether to exclude from origin queue or supplement from local/statistical sources.,manual_source_imported,2026-07-21T03:16:52.501642+00:00,https://bhna.gov.cn/,Imported into place_knowledge.csv from manually verified source.
2026-07-14T07:04:35.843434+00:00,origin:f3ce419f7c0bcf6db303a9966ebf973f4ee0a871,f3ce419f7c0bcf6db303a9966ebf973f4ee0a871,131172,衡水滨湖新区,河北省/衡水市/衡水滨湖新区,county,河北省,衡水市,衡水滨湖新区,failed,3,国家地名信息库未找到符合过滤条件的候选,nonstandard_or_functional_area,"Functional zone, scenic area, island/reef area, new district, or administrative committee; may not match standard county-level geonames scope.",Keep needs_review; decide whether to exclude from origin queue or supplement from local/statistical sources.,manual_source_imported,2026-07-21T03:16:52.501642+00:00,https://www.hengshui.gov.cn/,Imported into place_knowledge.csv from manually verified source.
2026-07-14T07:04:35.843434+00:00,origin:d531f22fd8fffe8a8a3b8f89e4323b3933e2f6b4,d531f22fd8fffe8a8a3b8f89e4323b3933e2f6b4,140971,五台山风景名胜区,山西省/忻州市/五台山风景名胜区,county,山西省,忻州市,五台山风景名胜区,failed,3,国家地名信息库未找到符合过滤条件的候选,nonstandard_or_functional_area,"Functional zone, scenic area, island/reef area, new district, or administrative committee; may not match standard county-level geonames scope.",Keep needs_review; decide whether to exclude from origin queue or supplement from local/statistical sources.,manual_source_imported,2026-07-21T03:16:52.501642+00:00,https://wts.sxxz.gov.cn/wtszw/,Imported into place_knowledge.csv from manually verified source.
2026-07-14T07:04:35.843434+00:00,origin:75bdec894b5cc6a513d5f86f3bf85832724b93b6,75bdec894b5cc6a513d5f86f3bf85832724b93b6,220273,吉林中国新加坡食品区,吉林省/吉林市/吉林中国新加坡食品区,county,吉林省,吉林市,吉林中国新加坡食品区,failed,3,国家地名信息库未找到符合过滤条件的候选,nonstandard_or_functional_area,"Functional zone, scenic area, island/reef area, new district, or administrative committee; may not match standard county-level geonames scope.",Keep needs_review; decide whether to exclude from origin queue or supplement from local/statistical sources.,manual_source_imported,2026-07-21T03:16:52.501642+00:00,https://www.jlcity.gov.cn/,Imported into place_knowledge.csv from manually verified source.
2026-07-14T07:04:35.843434+00:00,origin:4de4d764f4201fd7ab2556770d7ad079814fee44,4de4d764f4201fd7ab2556770d7ad079814fee44,232761,加格达奇区,黑龙江省/大兴安岭地区/加格达奇区,county,黑龙江省,大兴安岭地区,加格达奇区,failed,3,国家地名信息库未找到符合过滤条件的候选,special_managed_area,Daxinganling special managed district; statistical division exists but MCA county-level candidate was not matched.,Keep needs_review; supplement from local government/geographical-name gazetteer sources.,manual_source_imported,2026-07-21T03:16:52.501642+00:00,https://www.cae.cn/cae/html/main/col148/2012-02/28/20120228201720289160942_1.html,Imported into place_knowledge.csv from manually verified source.
2026-07-14T07:04:35.843434+00:00,origin:312fa834f0bb2a02d7ff9938e35a7dd6e059b946,312fa834f0bb2a02d7ff9938e35a7dd6e059b946,232762,松岭区,黑龙江省/大兴安岭地区/松岭区,county,黑龙江省,大兴安岭地区,松岭区,failed,3,国家地名信息库未找到符合过滤条件的候选,special_managed_area,Daxinganling special managed district; statistical division exists but MCA county-level candidate was not matched.,Keep needs_review; supplement from local government/geographical-name gazetteer sources.,manual_source_imported,2026-07-21T03:16:52.501642+00:00,https://www.songling.gov.cn/songling/c100271/zoujin.shtml,Imported into place_knowledge.csv from manually verified source.
2026-07-14T07:04:35.843434+00:00,origin:3bd19d1adadf3bfdf7470b287101826a314fdcbc,3bd19d1adadf3bfdf7470b287101826a314fdcbc,232763,新林区,黑龙江省/大兴安岭地区/新林区,county,黑龙江省,大兴安岭地区,新林区,failed,3,国家地名信息库未找到符合过滤条件的候选,special_managed_area,Daxinganling special managed district; statistical division exists but MCA county-level candidate was not matched.,Keep needs_review; supplement from local government/geographical-name gazetteer sources.,manual_source_imported,2026-07-21T03:16:52.501642+00:00,https://www.dxalxl.gov.cn/dxalxl/c100485/202307/c13_149602.shtml,Imported into place_knowledge.csv from manually verified source.
2026-07-14T07:04:35.843434+00:00,origin:b5d25e7d16f3cbf6cb9068bbc96199f84c1175bd,b5d25e7d16f3cbf6cb9068bbc96199f84c1175bd,232764,呼中区,黑龙江省/大兴安岭地区/呼中区,county,黑龙江省,大兴安岭地区,呼中区,failed,3,国家地名信息库未找到符合过滤条件的候选,special_managed_area,Daxinganling special managed district; statistical division exists but MCA county-level candidate was not matched.,Keep needs_review; supplement from local government/geographical-name gazetteer sources.,manual_source_imported,2026-07-21T03:16:52.501642+00:00,https://www.huzhong.gov.cn/huzhong/c100387/201611/c13_80724.shtml,Imported into place_knowledge.csv from manually verified source.
2026-07-14T07:04:35.843434+00:00,origin:9c011a43e4b691746de5af7af0278ed33268878a,9c011a43e4b691746de5af7af0278ed33268878a,321171,镇江新区,江苏省/镇江市/镇江新区,county,江苏省,镇江市,镇江新区,failed,3,国家地名信息库未找到符合过滤条件的候选,nonstandard_or_functional_area,"Functional zone, scenic area, island/reef area, new district, or administrative committee; may not match standard county-level geonames scope.",Keep needs_review; decide whether to exclude from origin queue or supplement from local/statistical sources.,manual_source_imported,2026-07-21T03:16:52.501642+00:00,https://www.zjna.gov.cn/,Imported into place_knowledge.csv from manually verified source.
2026-07-14T07:04:35.843434+00:00,origin:de7f6f927c95da61b15c93976fc6b5b2e13a1f0f,de7f6f927c95da61b15c93976fc6b5b2e13a1f0f,340621,濉溪县,安徽省/淮北市/濉溪县,county,安徽省,淮北市,濉溪县,failed,3,国家地名信息库未找到符合过滤条件的候选,mca_missing_valid_county,Looks like a standard county-level place but current MCA endpoint did not return a strict match.,"Keep needs_review; supplement from local government, civil-affairs material, or gazetteer sources.",manual_source_imported,2026-07-21T03:16:52.501642+00:00,https://www.sxx.gov.cn/mhsx/sxgk/sxjj/index.html,Imported into place_knowledge.csv from manually verified source.
2026-07-14T07:04:35.843434+00:00,origin:75ee2961c8adfb99203aa5b1903ff6b61088536c,75ee2961c8adfb99203aa5b1903ff6b61088536c,371471,德州天衢新区,山东省/德州市/德州天衢新区,county,山东省,德州市,德州天衢新区,failed,3,国家地名信息库未找到符合过滤条件的候选,nonstandard_or_functional_area,"Functional zone, scenic area, island/reef area, new district, or administrative committee; may not match standard county-level geonames scope.",Keep needs_review; decide whether to exclude from origin queue or supplement from local/statistical sources.,manual_source_imported,2026-07-21T03:16:52.501642+00:00,https://jjjskfq.dezhou.gov.cn/,Imported into place_knowledge.csv from manually verified source.
2026-07-14T07:04:35.843434+00:00,origin:926000841d1cce3b07a1647805925ac5389f0d4c,926000841d1cce3b07a1647805925ac5389f0d4c,410173,郑州航空港经济综合实验区,河南省/郑州市/郑州航空港经济综合实验区,county,河南省,郑州市,郑州航空港经济综合实验区,failed,3,国家地名信息库未找到符合过滤条件的候选,nonstandard_or_functional_area,"Functional zone, scenic area, island/reef area, new district, or administrative committee; may not match standard county-level geonames scope.",Keep needs_review; decide whether to exclude from origin queue or supplement from local/statistical sources.,manual_source_imported,2026-07-21T03:16:52.501642+00:00,https://www.zzhkgq.gov.cn/,Imported into place_knowledge.csv from manually verified source.
2026-07-14T07:04:35.843434+00:00,origin:a77068fd03310d7e6486300b6b0558881747dfde,a77068fd03310d7e6486300b6b0558881747dfde,411471,豫东综合物流产业聚集区,河南省/商丘市/豫东综合物流产业聚集区,county,河南省,商丘市,豫东综合物流产业聚集区,failed,3,国家地名信息库未找到符合过滤条件的候选,nonstandard_or_functional_area,"Functional zone, scenic area, island/reef area, new district, or administrative committee; may not match standard county-level geonames scope.",Keep needs_review; decide whether to exclude from origin queue or supplement from local/statistical sources.,manual_source_imported,2026-07-21T03:16:52.501642+00:00,https://www.shangqiu.gov.cn/,Imported into place_knowledge.csv from manually verified source.
2026-07-14T07:04:35.843434+00:00,origin:01ed51a2f9c5c4b7fd05d0de1da6cb3ef7ea3ee9,01ed51a2f9c5c4b7fd05d0de1da6cb3ef7ea3ee9,419001,济源市,河南省/省直辖县级行政区划/济源市,county,河南省,省直辖县级行政区划,济源市,failed,3,国家地名信息库未找到符合过滤条件的候选,direct_admin_county_level_city,Province/autonomous-region direct-admin county-level unit or city without county districts; MCA search scope differs from local statistical hierarchy.,"Keep needs_review; supplement from civil-affairs, local government, or gazetteer sources.",manual_source_imported,2026-07-21T03:16:52.501642+00:00,https://www.jiyuan.gov.cn/shiqing/jygk/ly/,Imported into place_knowledge.csv from manually verified source.
2026-07-14T07:04:35.843434+00:00,origin:b35697fe797450c3dd35c2f0d45b2f33b469963f,b35697fe797450c3dd35c2f0d45b2f33b469963f,429004,仙桃市,湖北省/省直辖县级行政区划/仙桃市,county,湖北省,省直辖县级行政区划,仙桃市,failed,3,国家地名信息库未找到符合过滤条件的候选,direct_admin_county_level_city,Province/autonomous-region direct-admin county-level unit or city without county districts; MCA search scope differs from local statistical hierarchy.,"Keep needs_review; supplement from civil-affairs, local government, or gazetteer sources.",manual_source_imported,2026-07-21T03:16:52.501642+00:00,https://www.xiantao.gov.cn/zjxt/csgk/,Imported into place_knowledge.csv from manually verified source.
2026-07-14T07:04:35.843434+00:00,origin:b7cc7ad7d77ba825d3b8ec14aefa26cb8cf54d26,b7cc7ad7d77ba825d3b8ec14aefa26cb8cf54d26,429005,潜江市,湖北省/省直辖县级行政区划/潜江市,county,湖北省,省直辖县级行政区划,潜江市,failed,3,国家地名信息库未找到符合过滤条件的候选,direct_admin_county_level_city,Province/autonomous-region direct-admin county-level unit or city without county districts; MCA search scope differs from local statistical hierarchy.,"Keep needs_review; supplement from civil-affairs, local government, or gazetteer sources.",manual_source_imported,2026-07-21T03:16:52.501642+00:00,https://www.hbqj.gov.cn/zjqj/qjgk/,Imported into place_knowledge.csv from manually verified source.
2026-07-14T07:04:35.843434+00:00,origin:5174bfcf33f945cabe841e5d847b2355762719b9,5174bfcf33f945cabe841e5d847b2355762719b9,429006,天门市,湖北省/省直辖县级行政区划/天门市,county,湖北省,省直辖县级行政区划,天门市,failed,3,国家地名信息库未找到符合过滤条件的候选,direct_admin_county_level_city,Province/autonomous-region direct-admin county-level unit or city without county districts; MCA search scope differs from local statistical hierarchy.,"Keep needs_review; supplement from civil-affairs, local government, or gazetteer sources.",manual_source_imported,2026-07-21T03:16:52.501642+00:00,https://www.tianmen.gov.cn/zjtm/rwls/lsyg/201604/t20160419_1931609.shtml,Imported into place_knowledge.csv from manually verified source.
2026-07-14T07:04:35.843434+00:00,origin:545e2069080f2c4b2a15a94ec72a9cd3aa566cf6,545e2069080f2c4b2a15a94ec72a9cd3aa566cf6,429021,神农架林区,湖北省/省直辖县级行政区划/神农架林区,county,湖北省,省直辖县级行政区划,神农架林区,failed,3,国家地名信息库未找到符合过滤条件的候选,direct_admin_county_level_city,Province/autonomous-region direct-admin county-level unit or city without county districts; MCA search scope differs from local statistical hierarchy.,"Keep needs_review; supplement from civil-affairs, local government, or gazetteer sources.",manual_source_imported,2026-07-21T03:16:52.501642+00:00,https://www.forestry.gov.cn/c/www/lyjbh/34718.jhtml,Imported into place_knowledge.csv from manually verified source.
2026-07-14T07:04:35.843434+00:00,origin:505e3e83a9a345bbfdf6034de66e57aa311ea5b1,505e3e83a9a345bbfdf6034de66e57aa311ea5b1,441900,东莞市,广东省/东莞市/东莞市,county,广东省,东莞市,东莞市,failed,3,国家地名信息库未找到符合过滤条件的候选,direct_admin_county_level_city,Province/autonomous-region direct-admin county-level unit or city without county districts; MCA search scope differs from local statistical hierarchy.,"Keep needs_review; supplement from civil-affairs, local government, or gazetteer sources.",manual_source_imported,2026-07-21T03:16:52.501642+00:00,https://dgtga.dg.gov.cn/dgtw/zjdg/202011/a34c14c1d8fa407ba59efba54a56d819.shtml,Imported into place_knowledge.csv from manually verified source.
2026-07-14T07:04:35.843434+00:00,origin:f56f005dc9fd563edbb65bb3c02f27932e479868,f56f005dc9fd563edbb65bb3c02f27932e479868,442000,中山市,广东省/中山市/中山市,county,广东省,中山市,中山市,failed,3,国家地名信息库未找到符合过滤条件的候选,direct_admin_county_level_city,Province/autonomous-region direct-admin county-level unit or city without county districts; MCA search scope differs from local statistical hierarchy.,"Keep needs_review; supplement from civil-affairs, local government, or gazetteer sources.",manual_source_imported,2026-07-21T03:16:52.501642+00:00,https://zsxwfbt.zs.gov.cn/news/index/view/cateid/1193/id/718086.html,Imported into place_knowledge.csv from manually verified source.
2026-07-14T07:04:35.843434+00:00,origin:f83c29026e4bb39a04f004c250a0c9f80d414e9c,f83c29026e4bb39a04f004c250a0c9f80d414e9c,460321,西沙群岛,海南省/三沙市/西沙群岛,county,海南省,三沙市,西沙群岛,failed,3,国家地名信息库未找到符合过滤条件的候选,nonstandard_or_functional_area,"Functional zone, scenic area, island/reef area, new district, or administrative committee; may not match standard county-level geonames scope.",Keep needs_review; decide whether to exclude from origin queue or supplement from local/statistical sources.,manual_source_imported,2026-07-21T03:16:52.501642+00:00,https://www.sansha.gov.cn/,Imported into place_knowledge.csv from manually verified source.
2026-07-14T07:04:35.843434+00:00,origin:4f9c8008fd18838adfb4485a17ce0faef6315c5c,4f9c8008fd18838adfb4485a17ce0faef6315c5c,460322,南沙群岛,海南省/三沙市/南沙群岛,county,海南省,三沙市,南沙群岛,failed,3,国家地名信息库未找到符合过滤条件的候选,nonstandard_or_functional_area,"Functional zone, scenic area, island/reef area, new district, or administrative committee; may not match standard county-level geonames scope.",Keep needs_review; decide whether to exclude from origin queue or supplement from local/statistical sources.,manual_source_imported,2026-07-21T03:16:52.501642+00:00,https://www.sansha.gov.cn/,Imported into place_knowledge.csv from manually verified source.
2026-07-14T07:04:35.843434+00:00,origin:b010d3357583f131403ac6efa857ab3bbf6661f0,b010d3357583f131403ac6efa857ab3bbf6661f0,460323,中沙群岛的岛礁及其海域,海南省/三沙市/中沙群岛的岛礁及其海域,county,海南省,三沙市,中沙群岛的岛礁及其海域,failed,3,国家地名信息库未找到符合过滤条件的候选,nonstandard_or_functional_area,"Functional zone, scenic area, island/reef area, new district, or administrative committee; may not match standard county-level geonames scope.",Keep needs_review; decide whether to exclude from origin queue or supplement from local/statistical sources.,manual_source_imported,2026-07-21T03:16:52.501642+00:00,https://www.sansha.gov.cn/,Imported into place_knowledge.csv from manually verified source.
2026-07-14T07:04:35.843434+00:00,origin:4cdb25c5a97010c2def36828ecd0ca900159ad60,4cdb25c5a97010c2def36828ecd0ca900159ad60,460400,儋州市,海南省/儋州市/儋州市,county,海南省,儋州市,儋州市,failed,3,国家地名信息库未找到符合过滤条件的候选,direct_admin_county_level_city,Province/autonomous-region direct-admin county-level unit or city without county districts; MCA search scope differs from local statistical hierarchy.,"Keep needs_review; supplement from civil-affairs, local government, or gazetteer sources.",manual_source_imported,2026-07-21T03:16:52.501642+00:00,https://zhongguodiqing.cn/dmty/202101/t20210112_5244202.shtml,Imported into place_knowledge.csv from manually verified source.
2026-07-14T07:04:35.843434+00:00,origin:6647d4bb86b09d6c2d0809405b968819fb933610,6647d4bb86b09d6c2d0809405b968819fb933610,469001,五指山市,海南省/省直辖县级行政区划/五指山市,county,海南省,省直辖县级行政区划,五指山市,failed,3,国家地名信息库未找到符合过滤条件的候选,direct_admin_county_level_city,Province/autonomous-region direct-admin county-level unit or city without county districts; MCA search scope differs from local statistical hierarchy.,"Keep needs_review; supplement from civil-affairs, local government, or gazetteer sources.",manual_source_imported,2026-07-21T03:16:52.501642+00:00,https://zhongguodiqing.cn/dmty/202012/t20201207_5229704.shtml,Imported into place_knowledge.csv from manually verified source.
2026-07-14T07:04:35.843434+00:00,origin:8bda22e0b61331679bfce582faa30b4487de9758,8bda22e0b61331679bfce582faa30b4487de9758,469002,琼海市,海南省/省直辖县级行政区划/琼海市,county,海南省,省直辖县级行政区划,琼海市,failed,3,国家地名信息库未找到符合过滤条件的候选,direct_admin_county_level_city,Province/autonomous-region direct-admin county-level unit or city without county districts; MCA search scope differs from local statistical hierarchy.,"Keep needs_review; supplement from civil-affairs, local government, or gazetteer sources.",manual_source_imported,2026-07-21T03:16:52.501642+00:00,https://zhongguodiqing.cn/dmty/202008/t20200824_5173530.shtml,Imported into place_knowledge.csv from manually verified source.
2026-07-14T07:04:35.843434+00:00,origin:2396c95da21ff3e501300b96ed771310f71bffbf,2396c95da21ff3e501300b96ed771310f71bffbf,469005,文昌市,海南省/省直辖县级行政区划/文昌市,county,海南省,省直辖县级行政区划,文昌市,failed,3,国家地名信息库未找到符合过滤条件的候选,direct_admin_county_level_city,Province/autonomous-region direct-admin county-level unit or city without county districts; MCA search scope differs from local statistical hierarchy.,"Keep needs_review; supplement from civil-affairs, local government, or gazetteer sources.",manual_source_imported,2026-07-21T03:16:52.501642+00:00,https://zhongguodiqing.cn/dmty/202203/t20220302_5396419.shtml,Imported into place_knowledge.csv from manually verified source.
2026-07-14T07:04:35.843434+00:00,origin:cd8ce42220ab06d94a91b4b69f22475a32438827,cd8ce42220ab06d94a91b4b69f22475a32438827,469006,万宁市,海南省/省直辖县级行政区划/万宁市,county,海南省,省直辖县级行政区划,万宁市,failed,3,国家地名信息库未找到符合过滤条件的候选,direct_admin_county_level_city,Province/autonomous-region direct-admin county-level unit or city without county districts; MCA search scope differs from local statistical hierarchy.,"Keep needs_review; supplement from civil-affairs, local government, or gazetteer sources.",manual_source_imported,2026-07-21T03:16:52.501642+00:00,https://zhongguodiqing.cn/dmty/202012/t20201225_5237394.shtml,Imported into place_knowledge.csv from manually verified source.
2026-07-14T07:04:35.843434+00:00,origin:d18ee902614e2bf7c6be120658939c746b35d330,d18ee902614e2bf7c6be120658939c746b35d330,469007,东方市,海南省/省直辖县级行政区划/东方市,county,海南省,省直辖县级行政区划,东方市,failed,3,国家地名信息库未找到符合过滤条件的候选,direct_admin_county_level_city,Province/autonomous-region direct-admin county-level unit or city without county districts; MCA search scope differs from local statistical hierarchy.,"Keep needs_review; supplement from civil-affairs, local government, or gazetteer sources.",manual_source_imported,2026-07-21T03:16:52.501642+00:00,https://zhongguodiqing.cn/dmty/202011/t20201123_5220378.shtml,Imported into place_knowledge.csv from manually verified source.
2026-07-14T07:04:35.843434+00:00,origin:f8fdd88294192a5c7589ca611e75ba7238697145,f8fdd88294192a5c7589ca611e75ba7238697145,469021,定安县,海南省/省直辖县级行政区划/定安县,county,海南省,省直辖县级行政区划,定安县,failed,3,国家地名信息库未找到符合过滤条件的候选,direct_admin_county_level_city,Province/autonomous-region direct-admin county-level unit or city without county districts; MCA search scope differs from local statistical hierarchy.,"Keep needs_review; supplement from civil-affairs, local government, or gazetteer sources.",manual_source_imported,2026-07-21T03:16:52.501642+00:00,https://zhongguodiqing.cn/dmty/202011/t20201106_5212528.shtml,Imported into place_knowledge.csv from manually verified source.
2026-07-14T07:04:35.843434+00:00,origin:699455b61a2f31e8186644508909d2ac088c832a,699455b61a2f31e8186644508909d2ac088c832a,469022,屯昌县,海南省/省直辖县级行政区划/屯昌县,county,海南省,省直辖县级行政区划,屯昌县,failed,3,国家地名信息库未找到符合过滤条件的候选,direct_admin_county_level_city,Province/autonomous-region direct-admin county-level unit or city without county districts; MCA search scope differs from local statistical hierarchy.,"Keep needs_review; supplement from civil-affairs, local government, or gazetteer sources.",manual_source_imported,2026-07-21T03:16:52.501642+00:00,https://tunchang.hainan.gov.cn/zjtc/lsyg/201812/t20181219_1666193.html,Imported into place_knowledge.csv from manually verified source.
2026-07-14T07:04:35.843434+00:00,origin:381474c0ee55a79fc30f523300222a0f71284755,381474c0ee55a79fc30f523300222a0f71284755,469023,澄迈县,海南省/省直辖县级行政区划/澄迈县,county,海南省,省直辖县级行政区划,澄迈县,failed,3,国家地名信息库未找到符合过滤条件的候选,direct_admin_county_level_city,Province/autonomous-region direct-admin county-level unit or city without county districts; MCA search scope differs from local statistical hierarchy.,"Keep needs_review; supplement from civil-affairs, local government, or gazetteer sources.",manual_source_imported,2026-07-21T03:16:52.501642+00:00,https://zhongguodiqing.cn/dmty/202011/t20201116_5217543.shtml,Imported into place_knowledge.csv from manually verified source.
2026-07-14T07:04:35.843434+00:00,origin:2e34366e3b0472a78c1514ac7bd6c8c061526bc1,2e34366e3b0472a78c1514ac7bd6c8c061526bc1,469024,临高县,海南省/省直辖县级行政区划/临高县,county,海南省,省直辖县级行政区划,临高县,failed,3,国家地名信息库未找到符合过滤条件的候选,direct_admin_county_level_city,Province/autonomous-region direct-admin county-level unit or city without county districts; MCA search scope differs from local statistical hierarchy.,"Keep needs_review; supplement from civil-affairs, local government, or gazetteer sources.",manual_source_imported,2026-07-21T03:16:52.501642+00:00,https://zhongguodiqing.cn/dmty/202102/t20210207_5310847.shtml,Imported into place_knowledge.csv from manually verified source.
2026-07-14T07:04:35.843434+00:00,origin:abdf2d6dcab891379b00a0e62759e68299d20725,abdf2d6dcab891379b00a0e62759e68299d20725,469025,白沙黎族自治县,海南省/省直辖县级行政区划/白沙黎族自治县,county,海南省,省直辖县级行政区划,白沙黎族自治县,failed,3,国家地名信息库未找到符合过滤条件的候选,direct_admin_county_level_city,Province/autonomous-region direct-admin county-level unit or city without county districts; MCA search scope differs from local statistical hierarchy.,"Keep needs_review; supplement from civil-affairs, local government, or gazetteer sources.",manual_source_imported,2026-07-21T03:16:52.501642+00:00,https://zhongguodiqing.cn/dmty/202010/t20201027_5201928.shtml,Imported into place_knowledge.csv from manually verified source.
2026-07-14T07:04:35.843434+00:00,origin:1bc6ae08a0ce3912833b6c007979ba1b5e28ef4c,1bc6ae08a0ce3912833b6c007979ba1b5e28ef4c,469026,昌江黎族自治县,海南省/省直辖县级行政区划/昌江黎族自治县,county,海南省,省直辖县级行政区划,昌江黎族自治县,failed,3,国家地名信息库未找到符合过滤条件的候选,direct_admin_county_level_city,Province/autonomous-region direct-admin county-level unit or city without county districts; MCA search scope differs from local statistical hierarchy.,"Keep needs_review; supplement from civil-affairs, local government, or gazetteer sources.",manual_source_imported,2026-07-21T03:16:52.501642+00:00,https://www.ce.cn/xwzx/gnsz/gdxw/201808/16/t20180816_30047714.shtml,Imported into place_knowledge.csv from manually verified source.
2026-07-14T07:04:35.843434+00:00,origin:32c86d8d8533a0b4f6a3ac57bc874981f094a266,32c86d8d8533a0b4f6a3ac57bc874981f094a266,469027,乐东黎族自治县,海南省/省直辖县级行政区划/乐东黎族自治县,county,海南省,省直辖县级行政区划,乐东黎族自治县,failed,3,国家地名信息库未找到符合过滤条件的候选,direct_admin_county_level_city,Province/autonomous-region direct-admin county-level unit or city without county districts; MCA search scope differs from local statistical hierarchy.,"Keep needs_review; supplement from civil-affairs, local government, or gazetteer sources.",manual_source_imported,2026-07-21T03:16:52.501642+00:00,https://www.zhongguodiqing.cn/dmty/202010/t20201009_5192475.shtml,Imported into place_knowledge.csv from manually verified source.
2026-07-14T07:04:35.843434+00:00,origin:37472a7136f210f6a5f68b53b1d069f4e245f65c,37472a7136f210f6a5f68b53b1d069f4e245f65c,469028,陵水黎族自治县,海南省/省直辖县级行政区划/陵水黎族自治县,county,海南省,省直辖县级行政区划,陵水黎族自治县,failed,3,国家地名信息库未找到符合过滤条件的候选,direct_admin_county_level_city,Province/autonomous-region direct-admin county-level unit or city without county districts; MCA search scope differs from local statistical hierarchy.,"Keep needs_review; supplement from civil-affairs, local government, or gazetteer sources.",manual_source_imported,2026-07-21T03:16:52.501642+00:00,https://zhongguodiqing.cn/dmty/202102/t20210225_5313830.shtml,Imported into place_knowledge.csv from manually verified source.
2026-07-14T07:04:35.843434+00:00,origin:978772299594c5fcd62cd1f5255c40e99db1354c,978772299594c5fcd62cd1f5255c40e99db1354c,469029,保亭黎族苗族自治县,海南省/省直辖县级行政区划/保亭黎族苗族自治县,county,海南省,省直辖县级行政区划,保亭黎族苗族自治县,failed,3,国家地名信息库未找到符合过滤条件的候选,direct_admin_county_level_city,Province/autonomous-region direct-admin county-level unit or city without county districts; MCA search scope differs from local statistical hierarchy.,"Keep needs_review; supplement from civil-affairs, local government, or gazetteer sources.",manual_source_imported,2026-07-21T03:16:52.501642+00:00,https://baoting.hainan.gov.cn/zjbt/btgk/202502/t20250226_3823377.html,Imported into place_knowledge.csv from manually verified source.
2026-07-14T07:04:35.843434+00:00,origin:f995b5ff86ffcf12dbdbd87ddb7ee901668526af,f995b5ff86ffcf12dbdbd87ddb7ee901668526af,469030,琼中黎族苗族自治县,海南省/省直辖县级行政区划/琼中黎族苗族自治县,county,海南省,省直辖县级行政区划,琼中黎族苗族自治县,failed,3,国家地名信息库未找到符合过滤条件的候选,direct_admin_county_level_city,Province/autonomous-region direct-admin county-level unit or city without county districts; MCA search scope differs from local statistical hierarchy.,"Keep needs_review; supplement from civil-affairs, local government, or gazetteer sources.",manual_source_imported,2026-07-21T03:16:52.501642+00:00,https://qiongzhong.hainan.gov.cn/qzly/xjhw/202605/t20260526_4081425.html,Imported into place_knowledge.csv from manually verified source.
2026-07-14T07:04:35.843434+00:00,origin:a9b0c450e434e6c3d850e031224145b1c5a606af,a9b0c450e434e6c3d850e031224145b1c5a606af,500105,江北区,重庆市/市辖区/江北区,county,重庆市,市辖区,江北区,failed,3,国家地名信息库未找到符合过滤条件的候选,municipality_county_or_district_missing,Chongqing municipality district/county was not matched by current MCA endpoint.,"Keep needs_review; supplement from Chongqing civil-affairs, district/county government, or gazetteer sources.",manual_source_imported,2026-07-21T03:16:52.501642+00:00,https://mzj.cq.gov.cn/sy_218/bmdt/mzyw/202401/t20240123_12851622.html,Imported into place_knowledge.csv from manually verified source.
2026-07-14T07:04:35.843434+00:00,origin:a8e67616518a4420ec38e1f2e3a6ae30e8c30331,a8e67616518a4420ec38e1f2e3a6ae30e8c30331,500112,渝北区,重庆市/市辖区/渝北区,county,重庆市,市辖区,渝北区,failed,3,国家地名信息库未找到符合过滤条件的候选,municipality_county_or_district_missing,Chongqing municipality district/county was not matched by current MCA endpoint.,"Keep needs_review; supplement from Chongqing civil-affairs, district/county government, or gazetteer sources.",manual_source_imported,2026-07-21T03:16:52.501642+00:00,https://mzj.cq.gov.cn/sy_218/bmdt/mzyw/202401/t20240130_12879366.html,Imported into place_knowledge.csv from manually verified source.
2026-07-14T07:04:35.843434+00:00,origin:74239c789145a1e15336352d2583a59f14e3826a,74239c789145a1e15336352d2583a59f14e3826a,500229,城口县,重庆市/县/城口县,county,重庆市,县,城口县,failed,3,国家地名信息库未找到符合过滤条件的候选,municipality_county_or_district_missing,Chongqing municipality district/county was not matched by current MCA endpoint.,"Keep needs_review; supplement from Chongqing civil-affairs, district/county government, or gazetteer sources.",manual_source_imported,2026-07-21T03:16:52.501642+00:00,https://mzj.cq.gov.cn/sy_218/bmdt/mzyw/202412/t20241219_13904053.html,Imported into place_knowledge.csv from manually verified source.
2026-07-14T07:04:35.843434+00:00,origin:26ddc570dca6e95def9bd2aee3bb896d31b97969,26ddc570dca6e95def9bd2aee3bb896d31b97969,500230,丰都县,重庆市/县/丰都县,county,重庆市,县,丰都县,failed,3,国家地名信息库未找到符合过滤条件的候选,municipality_county_or_district_missing,Chongqing municipality district/county was not matched by current MCA endpoint.,"Keep needs_review; supplement from Chongqing civil-affairs, district/county government, or gazetteer sources.",manual_source_imported,2026-07-21T03:16:52.501642+00:00,https://mzj.cq.gov.cn/sy_218/bmdt/mzyw/202409/t20240926_13660303.html,Imported into place_knowledge.csv from manually verified source.
2026-07-14T07:04:35.843434+00:00,origin:70e1e829c858cc3296ec154a885f6898f03efa70,70e1e829c858cc3296ec154a885f6898f03efa70,500231,垫江县,重庆市/县/垫江县,county,重庆市,县,垫江县,failed,3,国家地名信息库未找到符合过滤条件的候选,municipality_county_or_district_missing,Chongqing municipality district/county was not matched by current MCA endpoint.,"Keep needs_review; supplement from Chongqing civil-affairs, district/county government, or gazetteer sources.",manual_source_imported,2026-07-21T03:16:52.501642+00:00,https://mzj.cq.gov.cn/sy_218/bmdt/mzyw/202407/t20240709_13357247.html,Imported into place_knowledge.csv from manually verified source.
2026-07-14T07:04:35.843434+00:00,origin:b338175e2e4665145d7b4be9b4c10a25c713266b,b338175e2e4665145d7b4be9b4c10a25c713266b,500233,忠县,重庆市/县/忠县,county,重庆市,县,忠县,failed,3,国家地名信息库未找到符合过滤条件的候选,municipality_county_or_district_missing,Chongqing municipality district/county was not matched by current MCA endpoint.,"Keep needs_review; supplement from Chongqing civil-affairs, district/county government, or gazetteer sources.",manual_source_imported,2026-07-21T03:16:52.501642+00:00,https://mzj.cq.gov.cn/sy_218/bmdt/mzyw/202405/t20240509_13187052.html,Imported into place_knowledge.csv from manually verified source.
2026-07-14T07:04:35.843434+00:00,origin:97be8d1665086b5dbc8e1e87208c5de46a106cdd,97be8d1665086b5dbc8e1e87208c5de46a106cdd,500235,云阳县,重庆市/县/云阳县,county,重庆市,县,云阳县,failed,3,国家地名信息库未找到符合过滤条件的候选,municipality_county_or_district_missing,Chongqing municipality district/county was not matched by current MCA endpoint.,"Keep needs_review; supplement from Chongqing civil-affairs, district/county government, or gazetteer sources.",manual_source_imported,2026-07-21T03:16:52.501642+00:00,https://mzj.cq.gov.cn/sy_218/bmdt/mzyw/202403/t20240305_12993985.html,Imported into place_knowledge.csv from manually verified source.
2026-07-14T07:04:35.843434+00:00,origin:39bb3055572acf55ecb031f3cfb3d4c3ab365b0e,39bb3055572acf55ecb031f3cfb3d4c3ab365b0e,500236,奉节县,重庆市/县/奉节县,county,重庆市,县,奉节县,failed,3,国家地名信息库未找到符合过滤条件的候选,municipality_county_or_district_missing,Chongqing municipality district/county was not matched by current MCA endpoint.,"Keep needs_review; supplement from Chongqing civil-affairs, district/county government, or gazetteer sources.",manual_source_imported,2026-07-21T03:16:52.501642+00:00,https://mzj.cq.gov.cn/sy_218/bmdt/mzyw/202412/t20241231_14035537.html,Imported into place_knowledge.csv from manually verified source.
2026-07-14T07:04:35.843434+00:00,origin:9a512f4946a01bc6e45ddaa3152a83bd7bb432b9,9a512f4946a01bc6e45ddaa3152a83bd7bb432b9,500237,巫山县,重庆市/县/巫山县,county,重庆市,县,巫山县,failed,3,国家地名信息库未找到符合过滤条件的候选,municipality_county_or_district_missing,Chongqing municipality district/county was not matched by current MCA endpoint.,"Keep needs_review; supplement from Chongqing civil-affairs, district/county government, or gazetteer sources.",manual_source_imported,2026-07-21T03:16:52.501642+00:00,https://mzj.cq.gov.cn/sy_218/bmdt/mzyw/202410/t20241011_13695609.html,Imported into place_knowledge.csv from manually verified source.
2026-07-14T07:04:35.843434+00:00,origin:6d7fcbcb780cc7afd2c350525d57fd16fb94843e,6d7fcbcb780cc7afd2c350525d57fd16fb94843e,500238,巫溪县,重庆市/县/巫溪县,county,重庆市,县,巫溪县,failed,3,国家地名信息库未找到符合过滤条件的候选,municipality_county_or_district_missing,Chongqing municipality district/county was not matched by current MCA endpoint.,"Keep needs_review; supplement from Chongqing civil-affairs, district/county government, or gazetteer sources.",manual_source_imported,2026-07-21T03:16:52.501642+00:00,https://mzj.cq.gov.cn/sy_218/bmdt/mzyw/202407/t20240724_13396966.html,Imported into place_knowledge.csv from manually verified source.
2026-07-14T07:04:35.843434+00:00,origin:54f179c67459671b44567f13560838dc36ac4139,54f179c67459671b44567f13560838dc36ac4139,500240,石柱土家族自治县,重庆市/县/石柱土家族自治县,county,重庆市,县,石柱土家族自治县,failed,3,国家地名信息库未找到符合过滤条件的候选,municipality_county_or_district_missing,Chongqing municipality district/county was not matched by current MCA endpoint.,"Keep needs_review; supplement from Chongqing civil-affairs, district/county government, or gazetteer sources.",manual_source_imported,2026-07-21T03:16:52.501642+00:00,https://mzj.cq.gov.cn/sy_218/bmdt/mzyw/202405/t20240515_13206662.html,Imported into place_knowledge.csv from manually verified source.
2026-07-14T07:04:35.843434+00:00,origin:315c68a2661f60894a5fcdf853d3c369f676118e,315c68a2661f60894a5fcdf853d3c369f676118e,500241,秀山土家族苗族自治县,重庆市/县/秀山土家族苗族自治县,county,重庆市,县,秀山土家族苗族自治县,failed,3,国家地名信息库未找到符合过滤条件的候选,municipality_county_or_district_missing,Chongqing municipality district/county was not matched by current MCA endpoint.,"Keep needs_review; supplement from Chongqing civil-affairs, district/county government, or gazetteer sources.",manual_source_imported,2026-07-21T03:16:52.501642+00:00,https://mzj.cq.gov.cn/sy_218/bmdt/mzyw/202403/t20240313_13033375.html,Imported into place_knowledge.csv from manually verified source.
2026-07-14T07:04:35.843434+00:00,origin:7184a5bf30b00f805e4df2ec235ae15a34c71a1f,7184a5bf30b00f805e4df2ec235ae15a34c71a1f,500242,酉阳土家族苗族自治县,重庆市/县/酉阳土家族苗族自治县,county,重庆市,县,酉阳土家族苗族自治县,failed,3,国家地名信息库未找到符合过滤条件的候选,municipality_county_or_district_missing,Chongqing municipality district/county was not matched by current MCA endpoint.,"Keep needs_review; supplement from Chongqing civil-affairs, district/county government, or gazetteer sources.",mca_relaxed_filter_imported,2026-07-16T01:35:08.343808+00:00,https://dmfw.mca.gov.cn/,Imported from China National Geographical Names Database with relaxed municipality/county matching.
2026-07-14T07:04:35.843434+00:00,origin:28938cbbd5440687a49f59bc8e7c29131b8a1146,28938cbbd5440687a49f59bc8e7c29131b8a1146,500243,彭水苗族土家族自治县,重庆市/县/彭水苗族土家族自治县,county,重庆市,县,彭水苗族土家族自治县,failed,3,国家地名信息库未找到符合过滤条件的候选,municipality_county_or_district_missing,Chongqing municipality district/county was not matched by current MCA endpoint.,"Keep needs_review; supplement from Chongqing civil-affairs, district/county government, or gazetteer sources.",manual_source_imported,2026-07-21T03:16:52.501642+00:00,https://mzj.cq.gov.cn/sy_218/bmdt/mzyw/202410/t20241023_13729649.html,Imported into place_knowledge.csv from manually verified source.
2026-07-14T07:04:35.843434+00:00,origin:e23626cb4efb4a69398e8300c67252b50bdf08d5,e23626cb4efb4a69398e8300c67252b50bdf08d5,620171,兰州新区,甘肃省/兰州市/兰州新区,county,甘肃省,兰州市,兰州新区,failed,2,国家地名信息库未找到符合过滤条件的候选,nonstandard_or_functional_area,"Functional zone, scenic area, island/reef area, new district, or administrative committee; may not match standard county-level geonames scope.",Keep needs_review; decide whether to exclude from origin queue or supplement from local/statistical sources.,manual_source_imported,2026-07-21T03:16:52.501642+00:00,https://www.lzxq.gov.cn/,Imported into place_knowledge.csv from manually verified source.
2026-07-14T07:04:35.843434+00:00,origin:fff81eed783f602bb2e9edb27e0b460f5a42f5b8,fff81eed783f602bb2e9edb27e0b460f5a42f5b8,620201,嘉峪关市,甘肃省/嘉峪关市/嘉峪关市,county,甘肃省,嘉峪关市,嘉峪关市,failed,2,国家地名信息库未找到符合过滤条件的候选,direct_admin_county_level_city,Province/autonomous-region direct-admin county-level unit or city without county districts; MCA search scope differs from local statistical hierarchy.,"Keep needs_review; supplement from civil-affairs, local government, or gazetteer sources.",manual_source_imported,2026-07-21T03:16:52.501642+00:00,https://www.jyg.gov.cn/zjjyg/jyggk/lsyg/art/2022/art_db6fcadfc7f74202bedf53d27639f4f8.html,Imported into place_knowledge.csv from manually verified source.
2026-07-14T07:04:35.843434+00:00,origin:a224e04748f611c59f163841cd35fc2379c26f24,a224e04748f611c59f163841cd35fc2379c26f24,632857,大柴旦行政委员会,青海省/海西蒙古族藏族自治州/大柴旦行政委员会,county,青海省,海西蒙古族藏族自治州,大柴旦行政委员会,failed,1,国家地名信息库未找到符合过滤条件的候选,nonstandard_or_functional_area,"Functional zone, scenic area, island/reef area, new district, or administrative committee; may not match standard county-level geonames scope.",Keep needs_review; decide whether to exclude from origin queue or supplement from local/statistical sources.,manual_source_imported,2026-07-21T03:16:52.501642+00:00,https://epaper.tibet3.com/m/qhrb/20240126/164105,Imported into place_knowledge.csv from manually verified source.
2026-07-14T07:04:35.843434+00:00,origin:18f24899f051c93aa63d2b0fa3db842b77f2ac88,18f24899f051c93aa63d2b0fa3db842b77f2ac88,659001,石河子市,新疆维吾尔自治区/自治区直辖县级行政区划/石河子市,county,新疆维吾尔自治区,自治区直辖县级行政区划,石河子市,failed,1,国家地名信息库未找到符合过滤条件的候选,direct_admin_county_level_city,Province/autonomous-region direct-admin county-level unit or city without county districts; MCA search scope differs from local statistical hierarchy.,"Keep needs_review; supplement from civil-affairs, local government, or gazetteer sources.",manual_source_imported,2026-07-21T03:16:52.501642+00:00,https://zqb.cyol.com/content/2002-08/13/content_510324.htm,Imported into place_knowledge.csv from manually verified source.
2026-07-14T07:04:35.843434+00:00,origin:50a424eaae1eefdfd45bcb889d193dac622ac95c,50a424eaae1eefdfd45bcb889d193dac622ac95c,659002,阿拉尔市,新疆维吾尔自治区/自治区直辖县级行政区划/阿拉尔市,county,新疆维吾尔自治区,自治区直辖县级行政区划,阿拉尔市,failed,1,国家地名信息库未找到符合过滤条件的候选,direct_admin_county_level_city,Province/autonomous-region direct-admin county-level unit or city without county districts; MCA search scope differs from local statistical hierarchy.,"Keep needs_review; supplement from civil-affairs, local government, or gazetteer sources.",manual_source_imported,2026-07-21T03:16:52.501642+00:00,https://topics.gmw.cn/node_41094.htm,Imported into place_knowledge.csv from manually verified source.
2026-07-14T07:04:35.843434+00:00,origin:72b8c5c8850a2856a1846b740518a96bf318f014,72b8c5c8850a2856a1846b740518a96bf318f014,659003,图木舒克市,新疆维吾尔自治区/自治区直辖县级行政区划/图木舒克市,county,新疆维吾尔自治区,自治区直辖县级行政区划,图木舒克市,failed,1,国家地名信息库未找到符合过滤条件的候选,direct_admin_county_level_city,Province/autonomous-region direct-admin county-level unit or city without county districts; MCA search scope differs from local statistical hierarchy.,"Keep needs_review; supplement from civil-affairs, local government, or gazetteer sources.",manual_source_imported,2026-07-21T03:16:52.501642+00:00,https://www.xzqh.org/html/show/xj/22486.html,Imported into place_knowledge.csv from manually verified source.
2026-07-14T07:04:35.843434+00:00,origin:7b5814414cf7ce6778970f0f05e5ea071aa1ef4b,7b5814414cf7ce6778970f0f05e5ea071aa1ef4b,659004,五家渠市,新疆维吾尔自治区/自治区直辖县级行政区划/五家渠市,county,新疆维吾尔自治区,自治区直辖县级行政区划,五家渠市,failed,1,国家地名信息库未找到符合过滤条件的候选,direct_admin_county_level_city,Province/autonomous-region direct-admin county-level unit or city without county districts; MCA search scope differs from local statistical hierarchy.,"Keep needs_review; supplement from civil-affairs, local government, or gazetteer sources.",manual_source_imported,2026-07-21T03:16:52.501642+00:00,https://www.huyangnet.cn/content/2025-01/07/content_1947161.html,Imported into place_knowledge.csv from manually verified source.
2026-07-14T07:04:35.843434+00:00,origin:5cb6da81703040a63cd57ff2568e6d67d315c537,5cb6da81703040a63cd57ff2568e6d67d315c537,659005,北屯市,新疆维吾尔自治区/自治区直辖县级行政区划/北屯市,county,新疆维吾尔自治区,自治区直辖县级行政区划,北屯市,failed,1,国家地名信息库未找到符合过滤条件的候选,direct_admin_county_level_city,Province/autonomous-region direct-admin county-level unit or city without county districts; MCA search scope differs from local statistical hierarchy.,"Keep needs_review; supplement from civil-affairs, local government, or gazetteer sources.",manual_source_imported,2026-07-21T03:16:52.501642+00:00,http://www.bts.gov.cn/c/2864/2864579.shtml,Imported into place_knowledge.csv from manually verified source.
2026-07-14T07:04:35.843434+00:00,origin:14b7e3c2988a48e5dbbabd2dc9dca5af98968d29,14b7e3c2988a48e5dbbabd2dc9dca5af98968d29,659006,铁门关市,新疆维吾尔自治区/自治区直辖县级行政区划/铁门关市,county,新疆维吾尔自治区,自治区直辖县级行政区划,铁门关市,failed,1,国家地名信息库未找到符合过滤条件的候选,direct_admin_county_level_city,Province/autonomous-region direct-admin county-level unit or city without county districts; MCA search scope differs from local statistical hierarchy.,"Keep needs_review; supplement from civil-affairs, local government, or gazetteer sources.",manual_source_imported,2026-07-21T03:16:52.501642+00:00,https://www.xj.chinanews.com.cn/xinjiang/2023-02-02/detail-ihckifuk9556018.shtml,Imported into place_knowledge.csv from manually verified source.
2026-07-14T07:04:35.843434+00:00,origin:2eac803e49a38f8c53608f96c9147359c3463608,2eac803e49a38f8c53608f96c9147359c3463608,659007,双河市,新疆维吾尔自治区/自治区直辖县级行政区划/双河市,county,新疆维吾尔自治区,自治区直辖县级行政区划,双河市,failed,1,国家地名信息库未找到符合过滤条件的候选,direct_admin_county_level_city,Province/autonomous-region direct-admin county-level unit or city without county districts; MCA search scope differs from local statistical hierarchy.,"Keep needs_review; supplement from civil-affairs, local government, or gazetteer sources.",manual_source_imported,2026-07-21T03:16:52.501642+00:00,https://politics.people.com.cn/n/2014/0226/c14562-24473413.html,Imported into place_knowledge.csv from manually verified source.
2026-07-14T07:04:35.843434+00:00,origin:2fe09186bb17d0486004acca778a5e069137f8ab,2fe09186bb17d0486004acca778a5e069137f8ab,659008,可克达拉市,新疆维吾尔自治区/自治区直辖县级行政区划/可克达拉市,county,新疆维吾尔自治区,自治区直辖县级行政区划,可克达拉市,failed,1,国家地名信息库未找到符合过滤条件的候选,direct_admin_county_level_city,Province/autonomous-region direct-admin county-level unit or city without county districts; MCA search scope differs from local statistical hierarchy.,"Keep needs_review; supplement from civil-affairs, local government, or gazetteer sources.",manual_source_imported,2026-07-21T03:16:52.501642+00:00,https://topics.gmw.cn/node_116118.htm,Imported into place_knowledge.csv from manually verified source.
2026-07-14T07:04:35.843434+00:00,origin:17c4088aae1472cee858743fbaf0f2f352bdc623,17c4088aae1472cee858743fbaf0f2f352bdc623,659009,昆玉市,新疆维吾尔自治区/自治区直辖县级行政区划/昆玉市,county,新疆维吾尔自治区,自治区直辖县级行政区划,昆玉市,failed,1,国家地名信息库未找到符合过滤条件的候选,direct_admin_county_level_city,Province/autonomous-region direct-admin county-level unit or city without county districts; MCA search scope differs from local statistical hierarchy.,"Keep needs_review; supplement from civil-affairs, local government, or gazetteer sources.",manual_source_imported,2026-07-21T03:16:52.501642+00:00,https://www.bt.chinanews.com.cn/bingtuan/2023-05-04/doc-ihcpafep6635976.shtml,Imported into place_knowledge.csv from manually verified source.
2026-07-14T07:04:35.843434+00:00,origin:204d079a8e3a2c199ff596fcde7284b8c24aed9a,204d079a8e3a2c199ff596fcde7284b8c24aed9a,659010,胡杨河市,新疆维吾尔自治区/自治区直辖县级行政区划/胡杨河市,county,新疆维吾尔自治区,自治区直辖县级行政区划,胡杨河市,failed,1,国家地名信息库未找到符合过滤条件的候选,direct_admin_county_level_city,Province/autonomous-region direct-admin county-level unit or city without county districts; MCA search scope differs from local statistical hierarchy.,"Keep needs_review; supplement from civil-affairs, local government, or gazetteer sources.",manual_source_imported,2026-07-21T03:16:52.501642+00:00,https://www.tcmap.com.cn/xinjiang/xinjiang_jihuyangheshicun.html,Imported into place_knowledge.csv from manually verified source.
2026-07-14T07:04:35.843434+00:00,origin:b7c6badbfe730ee34b84f635afe90ad52ec60240,b7c6badbfe730ee34b84f635afe90ad52ec60240,659011,新星市,新疆维吾尔自治区/自治区直辖县级行政区划/新星市,county,新疆维吾尔自治区,自治区直辖县级行政区划,新星市,failed,1,国家地名信息库未找到符合过滤条件的候选,direct_admin_county_level_city,Province/autonomous-region direct-admin county-level unit or city without county districts; MCA search scope differs from local statistical hierarchy.,"Keep needs_review; supplement from civil-affairs, local government, or gazetteer sources.",manual_source_imported,2026-07-21T03:16:52.501642+00:00,https://www.chinaxinjiang.cn/2025/06/19/3a24e315552c4987b9d13fdc0e02b925.html,Imported into place_knowledge.csv from manually verified source.
2026-07-14T07:04:35.843434+00:00,origin:4e99df31a9cad0494cce6a1f45181050184bb9df,4e99df31a9cad0494cce6a1f45181050184bb9df,659012,白杨市,新疆维吾尔自治区/自治区直辖县级行政区划/白杨市,county,新疆维吾尔自治区,自治区直辖县级行政区划,白杨市,failed,1,国家地名信息库未找到符合过滤条件的候选,direct_admin_county_level_city,Province/autonomous-region direct-admin county-level unit or city without county districts; MCA search scope differs from local statistical hierarchy.,"Keep needs_review; supplement from civil-affairs, local government, or gazetteer sources.",manual_source_imported,2026-07-21T03:16:52.501642+00:00,https://www.news.cn/politics/20240607/bc7e9955aa914b1ba0a0537588d750cf/c.html,Imported into place_knowledge.csv from manually verified source.
